uuid,lineId,points
00120761-094e-4cb9-a879-d53844f46367,49,0
001ee1f4-55f3-44f1-81f4-f9f4389c0ccc,95,0
0081c6b1-76ce-46e0-a5aa-7e3bd437ed35,95,0
008d6d3c-35fd-4130-b82e-c8ea463b192b,43,0
008df163-4762-409d-aa19-01f962527724,82,0
009cc81d-7d5d-4a8a-a456-87e8e967beae,87,0
00e3ee75-dfc0-42d8-ad29-5461d2e8f855,45,0
01097e32-fe70-4078-bb40-e9a47750bdc2,12,0
013021f4-694a-4f8e-a16d-15699582081f,59,0
0142ae97-6e7b-4866-ae20-35a2e3bb0557,6,0
01478409-38ee-44e4-a640-dc2bf72b9e6c,58,0
0170c932-1b79-438d-ac67-81ddaff09548,25,0
017f081e-388d-428d-a2b5-4ba76da0cc12,76,0
018e4a81-3fb9-44ad-b4ca-f27d8cd3cdea,88,0
01b4744d-2fb8-478a-ae04-3533d8e977f4,8,0
01b9f510-e346-49e4-b551-8fbd12c5fc8e,92,0
01ba6a02-a30c-4b66-8588-9274681c5322,95,0
01d48293-88b2-4232-a095-7c59813e9c98,95,0
01d8e177-329b-4e51-8c18-303e44def4e0,47,0
01ddb2ba-362e-4b0e-a9d3-8eac701b75db,14,0
01e14358-3e66-44c4-92c8-ec38ecf053aa,1,0
027e465a-5e7b-42e5-8646-689b9a11389d,29,0
029e429a-ea09-45f9-a50c-dbc74c6583af,74,0
02a00e6b-fafa-4d04-90be-1f2f87a793ba,55,0
02a78530-4a5b-4991-b1bc-e7eef303825a,81,0
02d78b76-661a-44e0-b496-496b97b90d07,21,0
0325a5aa-8f53-4d64-bc6c-339cbe33eae0,38,0
033abbfd-aa79-4bea-8e9a-a820e1d6b63a,82,0
035dc73c-05d0-4538-a84e-a6a33cb92b95,93,0
0366f076-e5bc-4503-a460-23e520bbd4eb,25,0
03a90874-2d3f-48fd-857b-d31a40b280e1,45,0
040ea8c5-cd6f-42e1-be6f-1a27cc5726d9,89,0
046e550f-5976-4e20-bd70-958a247c0bce,53,0
04851107-e446-4b75-8a46-d35b89be1e60,44,0
048be61d-2933-4849-a94e-90c48f10c33c,4,0
0511dc42-5d89-45c3-84b6-af07d814a3cf,43,0
051247ab-3bcd-4792-a993-319071d10a90,9,0
05328de0-d705-4208-8ae6-f3d81daa7a9f,71,0
056393f9-8be6-4d93-a96c-8dc6615aa07d,44,0
0581ba48-a112-42dd-864e-6c9f05dda705,19,0
05898e6e-c9ad-48cb-8ca5-96b88b753748,27,0
058ec83b-1305-4812-ab96-48d98c286c46,66,0
05c9a2cb-3b51-4f62-825c-391327d98b01,93,0
060291fe-f5f2-45a6-8b54-082e97692501,29,0
063bf5cc-95be-4d79-9da5-b6f759d16082,8,0
0653ef05-4c8a-4141-af38-377e06bf5bdc,58,0
06d7f86e-4ddf-48ac-b751-ab7257a42465,75,0
06fe4a3b-a8bd-48bb-adf1-6b9731199fda,5,0
0706b968-0088-459f-889a-e2e7046cae90,42,0
0725b9a2-921b-49d6-9b0d-eb2563a43383,17,0
072f04d8-2e56-46d6-8eda-808d4b2ea6cc,36,0
078de999-ace3-4f31-9596-0aaa39a4030e,13,0
07942131-9118-4061-8e8d-f6e6f3c91a1d,93,0
07947c06-ef03-47dc-8d5f-b08d43e4da73,82,0
079bf34f-ba1d-4a8d-b020-d5778dcedd09,14,0
07a1907c-4438-4ad4-a899-3220b83731de,6,0
07b13707-9444-4fd2-a242-27e4b66c4284,71,0
07b20636-e300-4506-a445-dfeccf4aa96a,34,0
07ba7729-264f-4ee4-b6b0-6802c6b3960c,28,0
083d7343-69e4-433d-87c0-edff14ed7dc3,6,0
08629542-ba17-4bb7-bf1b-99b78538dbbc,37,0
08b225ad-ab21-4573-b1a5-629ee09c602d,45,0
08cbc920-c12f-43a7-bcec-34dbb14ed98e,14,0
08eb354d-7152-48f8-aa75-2339d026e604,6,0
08f2bc3b-ec41-4be7-8834-b28e731700b3,62,0
08f46575-7023-4ac8-b491-05c6b447795d,59,0
090e0a28-335c-47b9-ad0d-47c0d26fdfbd,64,0
0910bae2-650a-42f3-b59c-1a39ac9c0aa6,34,0
0913a1a0-9522-40a9-b60e-cd0c07e8a6cf,95,0
094bf002-4d41-45f6-9e10-2d540f104e13,9,0
094cd28b-b048-427a-a02a-97e5041c1e51,34,0
095a9152-6bb2-4919-ac46-459951e364cc,87,0
09c6ae8c-fdd0-4cff-bbaf-381fb0e9ae78,75,0
0a1693b7-62d9-4afd-9fd6-6f6d3a9df2cd,62,0
0a182513-c634-465f-b63e-8245ef27a153,75,0
0a1b9ea7-c440-4438-8909-23aba5f05dde,51,0
0a33e797-6ee5-4e4d-8eb3-ed23c013c591,9,0
0a3762ab-444a-44ab-aa0b-6d6a44187103,6,0
0a7d9c9b-4b2f-4f15-82b5-e5c07ab09ea1,1,0
0ab1d562-c59a-403e-969f-4dd122c212ca,41,0
0ab7589b-c280-4407-8b7e-3941c1377183,34,0
0acc8cbe-dc7b-475e-bbf9-bc47ff631d4b,51,0
0acfee4c-999a-4885-8530-d5b908553bc7,46,0
0ad4c0d8-34a8-4c7c-a57a-5808ea911aa8,93,0
0ad531ab-1f4c-423e-bff4-2edd6a8c4489,62,0
0af051c7-235d-4baa-be15-68150fde142d,54,0
0b3a94f3-d634-4c58-966e-5f30482872e2,95,0
0b486e59-b5e7-4305-9ea6-c41fe424bd83,55,0
0b84311e-7c54-4634-9cfd-4cb78e1ec989,71,0
0ba43fff-08cf-4ee8-a240-9a62d603e920,64,0
0bb7adc2-327b-43f9-bdef-80f5c75da08e,9,0
0c421d34-92dc-46d4-afa2-6b8ca0989243,37,0
0c499e14-50f0-45d6-b5b6-fcfb0cec6caa,18,0
0c524a8c-f047-454c-9f73-498a78cc7471,59,0
0cb200a0-967c-42ec-b101-1fa298477955,45,0
0cca5f6a-b30d-4fd6-bd6b-36218d21a066,92,0
0ce4f4ca-ebb2-4387-9532-e9029d16ee3d,66,0
0d06466d-4d5d-4062-b450-f3d6279990dd,93,0
0d10b386-0b0a-4551-82a9-d8af3895b2ee,53,0
0d2c5495-deaa-447d-835a-fd5ab9dfe44d,87,0
0d52342c-48e2-49ed-b6e6-e85284c57dc1,59,0
0da6e7c7-04ca-4002-9b40-35ae520f72a6,71,0
0df58a3b-8779-49eb-8fd2-c21e984d7d62,81,0
0e31eedc-9e66-4082-a010-b6ef5caf0784,52,0
0e3ac549-cab5-40c9-aa41-31f988963bfb,76,0
0e51c6cd-2428-4bb4-bfe8-34abd5de70c7,12,0
0e6a02cb-e465-4f58-b714-d06d1530cf60,78,0
0e84a14a-3daf-4212-ac67-b485ddfe9d56,38,0
0f20258c-855f-4607-b85c-0693bbdf38e8,95,0
0f4db00c-c732-41e1-972e-e6e044f95283,19,0
0fa652b0-88ab-41f6-9e72-e9d74a4eeb96,55,0
0fa6eac4-e987-44e6-8720-78819072239b,65,0
0fcad534-a062-441e-b454-da2e12ff345d,38,0
0fcde764-2bbf-48db-b446-b81084f1d618,38,0
0fd718af-fdb3-4283-8820-cfdba090768a,7,0
0fdaa664-7f93-4d5c-a034-4fa5de55da86,42,0
0fe1d544-cd2a-4daa-8b42-00843cad58a5,63,0
0ff4d559-4f7d-4ffb-b6a9-f146c27676f6,18,0
100e70de-1700-4267-b60c-d458c5c0877a,28,0
105c7291-c298-4931-b706-16c8297b4b90,59,0
1099da05-5bc1-4172-b48a-da6d79464b4d,38,0
109ae2d0-1dd8-4579-af02-ca3e206340d9,35,0
109bc125-b277-4e9a-ab93-d9d0268b2be1,6,0
10aff675-9f1e-458e-8fa5-d368709b1844,12,0
10c82a80-a09a-43cf-94d3-c374c2b13cec,93,0
10d2c46c-c7c9-4e9e-9596-87793629d460,4,0
11229eb5-7159-4f1c-8164-c103ffe4a98c,93,0
11300d19-fe66-4646-b686-c6a70854e0bb,44,0
11467be6-d415-4bd2-9749-d2bfb0660683,14,0
114a465a-5dfd-4c72-91ee-0811076a1ffa,75,0
11836af1-2360-43a4-b2c9-b3e4f8242c85,66,0
118a6fa8-1018-47bf-b38e-4a0e2988d2df,41,0
11ea8df1-a75f-4005-85ce-b7483e6a2029,1,0
11f85853-1ecd-424e-b5b9-906410bce42b,82,0
12075ea8-0f80-44a8-9376-1a4f9d39c92f,81,0
1219e3a9-66c1-418b-87ff-441807f07cdc,66,0
1264c7d9-a803-466c-825a-cec48a45c873,93,0
127bc5eb-32bf-417d-a42f-461dc0905196,29,0
12b578de-403d-4730-93f9-a10e62b32ba1,56,0
12d78541-9ce2-4029-8b91-67e1fc44cd33,54,0
12d9b4b9-d58c-4d63-ba84-16915cbfa293,92,0
12e3558a-ebc9-4550-9ce6-d9363e7e4e22,71,0
12f8261c-1390-4578-8f46-4f6efee7ec29,88,0
1322a6ee-0b9b-484e-923d-74ede526eacb,88,0
132e5c08-008a-4367-8e6f-c38fec1c2f1c,41,0
1381a727-f260-448e-bfba-8b6c45cc17d6,56,0
1391086d-3de5-46f2-a30d-c207e88ce8d4,46,0
13aee85a-c32a-4f91-adce-7bf1e7a7600f,5,0
13e4c4bc-0eef-46f1-95b4-01a0aeed5175,95,0
13eb1b70-656c-43fc-8f81-956e829d76fb,7,0
144172a3-fa41-404f-9978-b2ee03d7c72a,18,0
1473bbe5-9208-46de-9c8a-02b7a074cb1e,41,0
148058ce-cd57-4b96-8048-1f93902e10c3,71,0
14cea45b-6c1e-463b-9e16-72d9e7223812,8,0
14ec47d9-3f6f-48c7-a5bd-d0f8dcf83352,45,0
153ab14a-eea3-4fad-a913-c7e24276d36d,93,0
159bbd11-f9e7-4d5c-b2b9-732203b52487,29,0
160f0e2e-644f-4f40-9166-2bbe184c297e,56,0
1612f614-a20e-4310-a334-288feb38df9c,61,0
16287f6d-de42-4c73-a82a-9d951349837f,61,0
1649e54c-51f7-4253-acee-4ff20634eb14,74,0
1664575b-ff68-4c83-98cb-3e35c9864664,29,0
1684337a-f978-415a-80b0-228f525c0807,49,0
16982029-968b-4d70-af23-88804f76c8ac,49,0
16b4213a-a715-42ec-8d0d-ffde78b95967,35,0
16c77009-86c2-4e9c-ac81-b6826468496a,14,0
16d6fc10-4f61-4278-a643-f6b047ad08a4,19,0
177a7580-103d-438b-90c1-10c5f8bbde1c,25,0
17d914c8-68f1-4043-bc5d-9c3ca8267929,86,0
17efe4c4-5bf2-40f2-84ca-d44a67547036,19,0
17fba2c4-cdbf-4150-a843-1d51710c6d3d,71,0
17fcabbd-096a-46f7-9ef6-e6ce365ceb21,46,0
183fed67-894a-4a4c-a68e-17879fadb690,14,0
1874818e-2681-478a-a66d-8a1c60291e72,43,0
19138b94-77e8-4c06-b45c-c3cdaf8d1eb1,63,0
193d281b-4fcd-42a2-bd02-820f1ed351f0,5,0
1957a17d-4d0a-42c4-871b-8f91ebdb926d,93,0
1986cf5b-1399-4a2f-a82b-97e4b8fb3a6d,8,0
1a3a3d49-339e-4574-83a8-17297eb52e9c,76,0
1a3f16db-3634-49c0-bf21-569e4e477c60,62,0
1a701492-3eaa-4548-b185-112601db240b,21,0
1a736ccc-a63f-4630-a096-01533c888fe7,46,0
1a974eb4-d303-444a-9bc1-8e376ac9bd62,6,0
1aabfb2f-aeb3-475f-926c-97e727793b17,53,0
1ab9901c-abe4-4686-9e5e-df82897498c9,12,0
1b12a38b-5981-4802-b1c6-ab3dd1d5ad39,5,0
1b71bbdf-7b47-4213-820e-33bb52e66da7,95,0
1bc8a7af-488c-4e89-95df-e11ac25648ac,8,0
1bd555db-0b29-4fcd-b4e2-15e38969dd0c,71,0
1c3defbd-f2c2-49ba-8e75-313a8b3a623b,89,0
1d20a1a7-77d4-41e3-905b-d6b9ec0f01b4,5,0
1d338cea-2b36-4a02-8a43-6342cbd7cc7f,61,0
1d6722e1-0b9d-496d-becc-987ef59ddefd,4,0
1d980165-41d9-4104-b7f3-e7795711e75a,75,0
1da2d276-a1de-4396-8d02-9f2bfeedf4e5,95,0
1e03b6ec-8185-4162-bf6f-bfb9412d621e,9,0
1e089d13-2084-4d20-bb1c-7702af855b81,9,0
1e1423de-8d03-4ff6-a685-6a95234d745e,7,0
1e405537-2ffe-4cab-8350-d9ca9c492f79,39,0
1e637630-9cf9-42bd-8c10-13234fcadebe,2,0
1e6a0309-1e62-42dc-b7c4-85738483bb1c,62,0
1e76ac8e-f3f2-4d41-927f-132a49d68c04,59,0
1e912471-2c07-47c1-adc8-208a9b63c92f,89,0
1eb21d90-78e2-47dc-b05f-4e0c124288ad,9,0
1ed3e63b-d505-4a43-9510-e451e9d51e37,87,0
1ed7fec1-f278-4f95-a5c3-c7b2fdad2331,36,0
1ef21559-3daf-4ddd-92ae-fbc630415422,25,0
1f2b5d14-3e73-4584-8b48-0e1482ca0e01,34,0
1f3b61fa-0f84-4603-b370-c36a3a8f4dca,72,0
1f429349-72f9-4dbe-8a1c-45ca57b88412,58,0
1f666f8d-f0b3-48b3-8de0-69f208e3bebe,89,0
1f6ab53f-ec7b-4516-b08f-d835cc9a12bd,65,0
1f96e096-120d-4f75-8353-c9c463b23e41,71,0
1fa22b95-3197-4d90-8edc-82347ff95a0a,59,0
1fa75d62-8eef-4f43-9983-49c1306f5e81,33,0
1fb9012e-a7d4-40a7-b2cf-207ab33ef958,81,0
1fd566e8-8310-4065-881c-c00c346e1d72,64,0
1fed6917-1bfd-4c38-ab10-b7de2def8e60,65,0
20064502-7f1b-4a29-9c48-6d9bdcfefb66,88,0
20367755-2c5c-42b1-81cb-6a4765c48a1e,9,0
2045236f-4c79-4f75-8271-c173f52a8c68,89,0
2098be08-1044-436c-b6c6-036071a33047,87,0
20abaab8-375e-46bf-8c8a-d46e1f53adbd,63,0
20d17483-c114-418b-9a8b-a28abfbd9f61,12,0
21059074-39bf-400d-907e-5852b806cdd7,18,0
210dc0e6-20fe-4276-ad06-2153d798bc17,8,0
2126b728-db1e-448a-bc3a-b9269a4103d0,83,0
21437577-2182-4507-8068-bcf85a801f83,73,0
216695fa-c40b-43fa-84e5-97df0fa956a6,75,0
219c4c52-e1d2-4b94-91f2-998dd2531b4b,18,0
21a01220-50a7-45bf-acb7-3bbb12a7264d,29,0
21b1fb33-d643-4716-baf9-62fcb5da42c7,9,0
227f1c71-3b6e-4304-a56b-feb8e87d6ec3,45,0
2282b6b6-cc55-4508-b450-21d7342e8a16,7,0
22e69d95-f3b0-4a90-8caf-694b99e842f1,17,0
2353985a-db1c-4ab2-a90d-f5c712b57cfa,12,0
2355bd3a-f964-4b4d-a2e3-d40e75be0389,93,0
236e4615-d838-4f4b-8737-93e55f9939fb,35,0
23710a92-89d1-423c-920e-0bd8e5086bef,95,0
23e45ac8-5e84-407c-b635-4a4ab4eb3fb9,62,0
23e68b01-6174-4e03-9d4e-9279e329d440,95,0
2421f835-9216-450d-adf7-04438541bc1f,83,0
245da7e7-85f3-4988-9551-a4860df71dd2,69,0
245eff2b-e27a-4165-8bfc-ee2f3067e1af,25,0
24708fdb-c4df-40be-a04f-024dd1361b30,53,0
24803902-6193-4839-a0e0-27ad8d07d872,12,0
24e59cb4-8472-41f7-b96a-0ca8e528ab60,64,0
24f760aa-2384-4fcb-aa36-32fe5e61386a,51,0
24f9a5a3-d9dc-428f-a31a-041b7d2faef4,42,0
2525f83d-e6a2-4dec-a4b3-be734558e095,35,0
254f14c2-6328-4381-a5d6-9c5724ccf852,29,0
25595f94-c7c0-4ab5-b0e6-ebc246165baa,89,0
25652190-1810-4441-9987-d011e44851ef,49,0
25ba4281-3a2b-4944-8bd5-9328ffdb15f7,2,0
25f1d8e2-2251-43f3-9680-3058177471ff,87,0
2610f61a-4f49-401e-bcb0-48990db8a88e,49,0
261178be-8e06-4d50-99b3-9cab2de0bd1e,29,0
262f0471-f3f0-4282-9215-9555d7fffa37,4,0
264a7208-c90d-425d-971c-2ad350957fbc,88,0
264f9ae3-a9f7-4ffa-abea-14c01e8129c6,36,0
26554287-7607-427c-9c68-33cc7775d7ef,39,0
266c7a08-b9c3-4f38-a88f-5a2527570603,27,0
266f92cd-7146-4be6-aa87-0d267895d550,4,0
26a7e824-391a-44ea-aa08-272646d0f312,59,0
26e45952-f945-4e28-bdc8-8f059b15e73e,88,0
270202d4-4124-4860-b22b-ee97672fd00c,43,0
271a8a75-346b-467a-bc2a-040174138ce0,93,0
273b6d72-94d3-463d-ae93-e4f15880439e,34,0
2794ef33-a028-4468-a9a8-e703bd674032,43,0
27a0740a-f710-4c1d-aff6-2868d9261fd9,13,0
27ad223e-3f3c-44b2-8110-e27fdb40ab9d,86,0
27d1e604-687f-4f10-958d-73244b414d7c,92,0
27fb07a6-47c4-4591-96b5-5abef43a0634,33,0
281c5415-70f0-4fad-86d5-256f8db5e040,46,0
282015fc-9757-4d00-81cf-08e0984c384a,71,0
283e9aef-e180-4706-bbf5-6358f2f6a772,75,0
2847d0b1-08c9-4145-87ca-d229a19bf3a9,56,0
284b719a-a0c2-464f-9e62-d8b664121cb1,13,0
2876dca1-1418-4a11-bb1d-b642982c81db,14,0
2896ebda-1b20-4b6a-94dd-c68d836206a2,88,0
28ab8796-61ac-41be-a030-716b2b27e06e,44,0
2900d127-4788-4b04-b358-baea735c7ebd,28,0
2921746f-9190-4f34-981e-bc3c339f1042,55,0
294fb96f-5af4-4a3b-be8c-e41814b8a2ce,39,0
2976968a-1e4c-41ce-9a70-936376949378,77,0
29968e76-ffcb-43d2-9fac-c1c730994288,37,0
29ac69ab-f729-422e-b1a9-6a21ae867401,95,0
29ae248c-5704-47ad-b87a-a38e96ed846e,9,0
29beafa0-e3fb-4e1b-a4ee-c39fb06590c3,65,0
2a025582-bd53-4f4d-83dc-f767b407f564,74,0
2a72d21d-3f1c-458a-88a1-7021cfb42cf6,71,0
2a8f746b-1ded-48b2-b00c-1a110f75ef80,55,0
2a96c877-f5c7-4382-b231-6e7adf3341bc,63,0
2adc72ab-4278-4389-99f6-bc571d1aacc6,25,0
2b221c03-3ab3-4244-8f70-f5ec39e407d3,82,0
2b314653-bf56-4145-a558-df513f6924a5,4,0
2b3d7e5e-ac65-4ec0-a6d4-72e747d08b32,93,0
2b9b6f39-d74c-4aee-9278-b42d225447fc,51,0
2ba9f9b0-0ea5-401b-a0e1-ff839d460619,49,0
2bd73afb-5dae-4178-864b-a013d89d9ee0,86,0
2be08ab7-8627-4149-b006-8c6a6deb676b,88,0
2c1845d9-0705-40ab-a709-4c8af659dac5,21,0
2c1abe9b-3ac5-407c-a36f-567e12ea3dc4,62,0
2c2efa06-ceca-4ff1-81d0-32099658c6ea,6,0
2c38ce00-b20c-4048-9c73-d64aa39aef20,5,0
2c49263f-f7c0-4e48-a444-ff15b2533f0b,58,0
2c7831ab-8376-4ec8-a53d-4a3b75a32a5a,65,0
2c820ed3-5ec1-4fc3-87dc-c6b2cb254c2d,59,0
2ca393c4-771d-480e-9e7b-c926d5bbb229,36,0
2cb88052-464f-45d3-9a6e-72a7f0cdfeed,4,0
2cc19bf4-61c7-45a4-90f3-c69dc296da0c,52,0
2cc7f02e-e03b-4339-a477-19d3c8f1d2c8,45,0
2ce1e207-fb90-46d7-af09-f5d25892f85c,87,0
2cf5d8d3-7c2b-4aaf-af0a-6c2b04fb4735,95,0
2d12a1bd-de5a-4aa8-9d8c-d82ecd2e1d10,83,0
2d28cf96-4b03-4ef2-ba98-2f6772dc46d5,8,0
2d46eab3-7fc0-410b-bf59-e9a36734692a,82,0
2dd7bb20-31f9-48fb-93d1-2b3c02040d93,49,0
2df69e65-13d7-45da-aeed-85c02a02fb9a,54,0
2e127f12-5f72-411d-a7d6-56910c94f61a,6,0
2e5fcf93-258c-48a9-99c6-a398a6c2fcd8,43,0
2e7b2d22-39a5-4400-9933-737e302f308e,9,0
2e8cf748-5138-445e-8f77-d3a0fd9a507b,19,0
2ea176b0-29d1-476f-9e28-e3a31147a790,51,0
2eb885e9-6807-4d34-bc94-caa0655358da,92,0
2ebdcbd5-b4aa-440d-a520-7cbd28cc6fbd,8,0
2ebe7982-724f-41a8-bec4-21fe0a520e7f,65,0
2ef4e3d6-9ddf-4e42-9652-1bf3b4c5ff9b,38,0
2f1a7d7d-d888-4ab0-a0be-0d2e45bb5d31,92,0
2f4d943c-d939-4fdb-a89b-52bd48cd1dca,55,0
2f8a22e4-903d-4bf7-a51a-30935544ba6a,89,0
2f8bfbc3-8930-46ef-a346-33ca6ba7b4c7,82,0
2fb8adc2-c455-443c-8a10-bd5870943fe4,88,0
2fd7e7dc-7ae0-468b-b2aa-a02e08446227,58,0
2ff6694e-348c-4782-abb6-70c8d706d5ae,4,0
302f7dfe-6dcf-4baa-b7d6-4202af7693ae,29,0
304ca38c-b77c-4b31-be5b-2201434d3504,64,0
30550b22-e99f-4fff-b972-39413f59a12a,42,0
306d5085-6880-40a6-9fb3-245d9f50589e,37,0
309cb843-6591-429c-88f1-2b82fe1245e7,82,0
30ac2832-3e93-416e-bbde-5db82b3b3510,59,0
30b0a550-b12c-4fe2-91d5-3f33b6e06ae4,65,0
30bc7fb2-10cf-4ded-bdc4-52fcf407cc3f,87,0
313af667-8e22-4505-b317-f2a3874ef394,74,0
3141ba68-97ec-46f7-8392-29d9face18ef,69,0
31570200-bf4e-4356-8196-79e091600532,7,0
315ef838-8fc6-4215-b3ea-8ff3e80f7875,28,0
3162bb57-6b63-4fce-b036-f2f2d6a779c7,5,0
31b01431-463d-4810-922e-ba9535237f3c,29,0
31edbcbc-5362-463d-93b0-54570b794d9b,35,0
3259f813-2f36-434c-aba2-143a2ddf6c39,88,0
326a21b6-8a5a-4111-86ef-fbfcc29a63a7,93,0
32a52b69-6b70-442a-9f27-69769db21e10,13,0
32a56f58-d35b-47fd-aae5-975f9b600722,81,0
32cb7bac-3865-4f5d-84a2-38b974b6c79c,75,0
3302a042-ecf9-4ea3-be41-b8d07b827de9,55,0
333e2332-2b17-416f-858d-f2d80ffb930b,61,0
33481ca2-431f-4549-87e9-e650b71b89df,27,0
33eaf9d2-5476-42b9-a7d4-9d135cb71ea9,88,0
3433626f-5199-46f0-8d15-845192f1e880,17,0
34467822-8461-482d-a72b-4f8d4f383682,27,0
347fed55-eee3-4296-96a7-3092dcda19c5,39,0
34bef725-a993-4ef7-8f85-152ca12c9105,74,0
34d01940-df9b-4875-83ad-f83600f97fa9,12,0
34e86aa1-42ec-436d-a1f7-b17089b055f3,51,0
3505d1d3-1b2d-4b22-a4fd-14b439dc2006,54,0
35067d5f-c9a4-4c4e-83fb-bfeb6f7bf51a,47,0
350a6739-94bd-4c8b-8eef-ef344cad0285,8,0
354206bb-a1bf-48fd-ba29-55c4a914fde4,5,0
35621deb-6e56-458d-9aa2-6761ca7ed154,1,0
35b11b0e-7f11-4abb-a7d5-dffe4053b2a9,73,0
35de83a8-d9a2-4e7e-a3fa-6f01d5106e66,69,0
35e68e27-1aa2-4120-bf8d-4e8aba236539,81,0
362edaa8-b971-4754-82fa-3712955dc13f,52,0
367cd5f5-b2b4-47ac-b2e0-cbcfb28d0ebf,44,0
36b58ec0-557b-425e-8456-6be700f0ae45,87,0
36c68be4-31bd-4f3d-89d5-d9801847ed3f,7,0
36f835f5-71e2-447d-abf8-7d29070e72e4,64,0
3709088f-c9a7-405c-a950-5bf8e3557056,92,0
370abe96-1b95-45f4-a793-1f08fcb385c7,75,0
3715a78c-78cd-4b31-adef-f83bff9b4480,87,0
371cd0a2-f196-44fc-9037-581a8861463a,41,0
3767b92a-b7d0-47c8-b5dd-143815180fa9,1,0
376c78b2-76bc-4a7d-bdf2-86c94acfe1d3,95,0
37880968-c487-4f6f-b4ad-2d8a184a4cf8,92,0
37b43114-88b4-49ac-8376-0d7879a3efd0,58,0
37f75a4b-b0f8-45cb-8869-36a8772cd60c,43,0
37fc13be-3232-4a4d-b4e5-a38a888dd05b,58,0
3872a783-9305-4887-8da2-cd0e84e84e23,65,0
387b8665-d258-4938-bced-051ebfcf464e,92,0
38c79997-5977-4132-a632-2537cd62f731,63,0
38ca3d2b-1763-4d2d-8e21-36e0f0ac71c6,12,0
38d5a24d-dada-432a-8de3-1c32a4e5bb80,9,0
38de2fbb-0938-4936-887d-a579cf4fddcb,41,0
391790e4-40f6-4ea7-8c0b-da2703d19c2a,5,0
39364c5d-b321-4bcc-9619-fd51662f15f2,38,0
3979bf21-3c9c-4d9b-8551-d21cf13c0a4f,9,0
39ac7287-5a41-42a2-be18-1e0d8ca458e3,35,0
39c70a19-a346-48a3-9c35-2895058171cd,87,0
3a053bfe-d000-48dc-ba11-505dbdd42fef,56,0
3a1819b9-e60f-4c96-b1a3-113574f89675,21,0
3a334cfc-fd67-4497-b77b-107441ec4cce,8,0
3a47ed9d-8488-4595-994e-a9c39fb8043d,89,0
3a48ca6b-b3fb-4ca0-ac75-6cc2e33d39f2,86,0
3a6148fa-e5b9-47d2-92a8-ebd0a598121e,46,0
3a834792-efbe-4669-b871-752ea0ac87b6,37,0
3a8dcd17-51a8-4a98-9d00-aaae0f2de361,81,0
3a97e71f-025a-474d-babd-02f0e98a29f4,7,0
3a9aea81-995f-4dab-8647-a20a1ac47f1b,54,0
3ab37acd-179b-4868-9cd6-73dc0b78d3ef,76,0
3ae49bdd-1a53-42eb-873e-7b29b52edad2,55,0
3aeed220-13bb-46be-94cf-b9ccce48a7e9,81,0
3b67c67f-a06b-4345-95ea-060b8707127f,8,0
3bb6eb29-07c3-42d0-9e56-331afdcccaa3,81,0
3bbb9ace-2d2f-46b1-bc3c-c9dc8adf66e9,54,0
3c27b368-445f-427d-8908-eba46c10a37d,56,0
3c2f9e85-d4c4-4e7d-8d4f-0fb495de3355,81,0
3c380169-bbb6-4b37-9dd8-0408fd80a30d,8,0
3c863566-8f95-4d40-b545-7778af535db2,4,0
3cacb394-7843-40c2-8dae-a2135b442750,42,0
3d172c55-4186-46b4-97a8-39e1f97fa47c,81,0
3d2b93a0-1de6-4bca-b839-fcbd23f8af74,95,0
3d329c49-1d54-4ca7-a7bd-178102a63606,45,0
3d778b79-8093-4e46-8ec9-eb41b7f6559d,64,0
3d78f083-d997-42da-b0f9-7cb1acd86079,87,0
3de59b82-d27f-4621-99ee-9eafdaff00d0,79,0
3de6de14-783d-46c3-af4e-7e6df62fa631,86,0
3e069d5e-5436-4997-a46a-2b54c251fbab,4,0
3e189d66-fa0b-4f4a-8337-b045d2eb5a43,66,0
3e1bc961-ee6f-4046-b588-e6f187c701c5,79,0
3e1d9788-5507-41ed-b6a2-f4c21782a4be,77,0
3e1e690c-0a23-4c3a-a678-562eb79db4d3,81,0
3e2095cc-5197-468a-a73f-79bca985f42a,56,0
3e46c5c8-a700-4443-a208-e2e1e4b16595,63,0
3e64c9d3-f12a-4315-bd63-79581ae74921,71,0
3e6b3c69-26be-4739-9b87-3d444fca8331,9,0
3ec97188-69af-432e-b7e6-3369ce16c9ac,25,0
3f13354d-792b-4c9f-9b03-e69e82b49015,46,0
3f3d86be-b5c8-464e-af9b-6dde5bcfa66d,28,0
3f5be770-7f33-4f4c-9053-8a6c5fd2a13c,2,0
3f963357-aded-4b47-b10d-fe407939c5b5,46,0
3fa8fdcb-b578-4c92-a12d-1004e0763890,12,0
3fed37e8-8345-45ad-ab8d-39db5afb1ad8,38,0
401241b6-1d4f-4b0e-abb6-dbcb2c7ae0b8,6,0
403c80e5-6066-4404-bd2c-40fd9a76eca5,81,0
409bf7da-b6f3-4ab7-bd4a-51ca84a052b9,12,0
40fc3bdc-02d1-4ec7-a7ec-d6c627f3e521,14,0
41443828-d610-4b88-b9da-317948418e8d,8,0
417844e9-6138-413e-9520-3d54cca27e9a,74,0
41b3b1d2-8f6e-4be9-b8af-ffb627eda4fd,29,0
41b7154a-7006-4b53-b105-56a8c3a0873e,66,0
41b948d5-5a26-4e08-a0f1-07e7c444de6e,58,0
41eca30b-4a5d-43bc-8059-35d1f3ed5dcb,29,0
41f9627d-3f5f-481e-a2b6-c9a9a1e9330d,25,0
4201d70f-ccb8-41d8-9d23-5a73ff61ab65,53,0
422eda08-2d75-49c6-9f43-0fb1c58dcddc,93,0
4255f38e-9156-4d60-a1d4-fb86030a6dd6,48,0
42c077ee-5057-4071-8a5a-276dc8749ba4,61,0
42c8472a-9ec9-4dbf-bcd6-c043fcc9508d,89,0
42cb0403-92b8-47fd-aaaf-d0fc44aff1e2,8,0
42df81a3-6a0c-4ad8-aa44-209534ed55dd,78,0
430cd038-f99f-4931-8ad5-3733d895b098,62,0
433285ef-290f-4ca1-9f25-96f9f9dcfc8c,43,0
43adb2b7-1dda-4095-adbc-286a5204c63b,6,0
43ae1574-da51-4847-b94c-260965df1593,62,0
43fe4963-7d3a-4ffd-b219-ad352c107e14,75,0
441c8c56-4641-4df4-a593-683c1b187ce4,86,0
44266c07-7039-40e1-b4c0-ccd6232e8fc3,5,0
443114ab-b8b8-48bd-bd0b-beb4c9aacb73,66,0
4453f6fa-105b-4941-8473-b749b2b9328a,28,0
44541e21-12db-4232-ac9b-2defd4a16885,95,0
445e17da-e435-451d-83eb-4120d0a8e0d7,27,0
445e18cb-9048-4085-84f0-7966d987d146,71,0
44626f24-0772-43f4-ab01-5158f7ae9c5b,5,0
44a6fa4a-5bff-4e49-99c2-7f2f37b7ae4b,95,0
44c1b22a-60b7-4287-a108-9d2c04da0e9c,35,0
44c8af48-9eb7-4dd6-868f-2bb1f869cfbd,46,0
44db323c-918c-405b-a507-54d993e787a7,7,0
44f80d02-283d-4f80-8a0f-c1e4ede02111,88,0
4536ed10-7c84-4a92-8b36-55cec6655ffa,6,0
45712da8-18b0-4b21-901b-30402a2c9df3,43,0
4583ee84-37ad-47f7-8ff5-b16074d5d4e0,63,0
45841815-4b4a-4568-8cb2-b0d08f5b5345,56,0
459482cf-c682-4dc0-859b-ece242c7906f,17,0
45cb1e9b-2a1d-4cb0-beb0-c721f19ecac1,6,0
45cdfb88-8639-48f0-9e40-4cbf8b1fce67,46,0
45d34e6c-3e61-4d62-b737-e3cb2fd6ae8e,62,0
45f6824a-6df9-4ee3-87db-7f5611ac19e6,48,0
460d64f3-f92e-498c-a53d-223b852d9d0d,19,0
46468ba5-0120-42fc-9543-540d2d2e55a1,59,0
464b1bff-5019-4d27-adc0-7794682b7ff0,47,0
46771ad2-9d65-4924-aa65-22ac63db0b02,88,0
469a5a06-ce37-42d7-a607-08f0df7445e3,18,0
469ae8f8-059a-4bf8-94f6-555d6b3f7f3f,63,0
46cd3eb0-8181-4407-8ef1-4070ee3be46e,8,0
46dc0c43-16e8-4589-b251-2a9aed78d89a,1,0
46ead937-a525-48cf-ab67-0f3cb05a087a,82,0
47425c19-2c9e-4f2c-8064-399e116639ea,45,0
47499a54-11d5-409d-85f2-153a071cbcf6,65,0
47765607-7d32-4c7c-9244-6667da2e4674,2,0
478b040b-e24d-4b3a-9308-9e0c32afe75a,82,0
479a2bc7-3c7d-4573-8ba1-66f43c87c714,66,0
47baf5d9-9b1c-4e5a-ad0a-671e8960fa1d,18,0
47c10cb6-794e-4dd5-9683-56858e456f03,92,0
47df867c-96ed-4cd7-b91b-526008abe855,36,0
482627b3-f292-4295-85a8-64bbec335d95,51,0
485b8538-7216-4b4e-90f9-f704acef71fa,95,0
4879d87a-a527-4cc7-bd62-b446a55efd16,61,0
4885ebba-6f76-4697-8b0b-1a8b65d7bcb6,92,0
4886bce6-aeee-40e0-89b7-6137cfebe9ef,93,0
48889076-acaf-416b-9d1d-9ef69e197500,1,0
4889d1f8-19ae-4616-9dde-92526cbd6847,81,0
489bee9f-69c1-43ff-a6f0-7c218a37a71e,4,0
48c0f50f-8c8d-41d6-9a10-26c5724c3eb2,93,0
4918c483-cb92-40aa-8d6c-778e781a5ecf,46,0
4919999d-7ab5-4b5d-aa12-74bab2d86a34,55,0
491d12b8-2c20-4db4-ab15-948c88b7d16b,86,0
4945856f-86df-458b-95f2-48912be74db1,95,0
49548e24-f172-4553-b68a-0e6a191d1fb3,71,0
498f5ee9-1bfa-4612-821b-dfedbe51a7c7,56,0
4994a1b9-5ab9-4e77-96c0-fbe256d1c880,13,0
499bee46-07b4-4801-8014-f40c93ef367f,61,0
49b18d6e-64c4-49d8-a5c5-bae29aa71aac,43,0
4a03a0da-9db4-4184-aa31-60784aac1b59,38,0
4a12ddde-28ea-4272-88e5-8428afa0affa,6,0
4a345e5e-5d37-4188-ab9e-e2ec770c5ea1,77,0
4a4862ac-f9ec-4d0d-bfa8-27dc34db6f34,92,0
4a634a12-b131-44c3-a817-c0a2a7cbf897,87,0
4a6a1763-ef8d-48e6-966f-657a09d22e51,71,0
4a7b7001-91ef-47cf-b37b-1fbc81d9bf5e,52,0
4a95d771-368e-401c-b118-bcb1655ecae1,78,0
4abebb87-df83-4c4a-80d0-7f41a6364128,92,0
4ae01e45-7895-4b04-94b6-5bbedb73aab2,34,0
4b00152d-a153-435e-b649-6bf596526492,73,0
4bc2eae6-66ba-4afc-8ae1-4b784c7130d6,25,0
4bd06163-d80e-4cbf-874b-1edce7333321,13,0
4bde233c-71a4-4e48-bae2-aa6f768207d3,51,0
4beba8e9-e05e-4f2e-9081-5bd3daf31d0d,53,0
4c1e34cd-259e-4c18-95b3-99f7dea49582,83,0
4c241f59-3549-4014-9e7f-8ca0db2462b3,4,0
4c254764-67b2-4ad7-87ff-11edce0d3c6a,41,0
4c4e06bc-0d36-4cba-810f-de46f27038fa,48,0
4c5ee69d-e6c4-4751-a349-54cfbb911aff,61,0
4c742cec-5fd0-45b2-ad14-1f385526f4e5,36,0
4cefb3ec-ac7e-4af6-b439-41ae1367339c,45,0
4d17972f-5907-4269-a808-f9467d386e11,13,0
4d18627b-e848-4e98-b893-e18270388d2a,87,0
4d56390a-94aa-4eef-ab54-5540e19ca39c,4,0
4d711a43-561f-451d-a3f0-520bf229437e,45,0
4d817a35-4ce7-47cc-9a7b-62a21308824c,71,0
4da78c98-5196-4417-811f-f399715aacf3,65,0
4da98568-6834-4696-9f8f-5d0b63ff3b6f,46,0
4db88ebe-0311-4c10-b38f-542c9deb1109,29,0
4dd4927d-635d-4e25-bc6a-397f3736024b,71,0
4de51b13-e8db-49b4-b78c-dccf2b85005f,44,0
4df15243-de04-4876-aa1c-d0e167392dcf,25,0
4e1d5686-4c9f-435a-a64d-57ac1cb019a0,8,0
4e38b24a-f4c1-4cc3-b698-ff07b73dc4fb,56,0
4e690001-7d7b-4475-bac0-32daac845dc4,12,0
4e8693f7-f967-4919-97a6-83d5a11a58e4,82,0
4efc1c44-2575-457d-9728-4a283d7060ed,7,0
4f13fe08-9fb3-42fa-ba61-8fb34770a981,8,0
4f380d5b-1191-46f5-b276-07b090511e04,6,0
4f7f07fa-44f7-4be7-b459-7d4b71dda06a,58,0
4fb1f922-0083-4ef1-92d6-e8ff91d75a02,62,0
501f8044-9105-499d-ac2e-5a9ce4eae573,5,0
50409888-5d6c-4e1a-9284-679f38ee483d,9,0
50526d65-e8a6-4aa3-afea-c7eec49315fe,92,0
506183a0-208b-4536-9066-1e199c2ad340,87,0
506c17ea-0622-4455-ac99-04f89b3ced00,14,0
50c30c65-36f1-4424-b05f-4d53efa8e0b4,5,0
50df20b3-ba37-4d74-8784-00d41695ce85,45,0
51194157-8450-4ec8-92cb-8b319a133e52,28,0
5142e282-c744-403a-b2ca-6fce66dc5909,62,0
51a401fe-a090-4829-bec5-46917d4c8494,51,0
522e9a47-2464-4180-9d72-13764e8f193f,48,0
5230fc3c-c8dc-45b2-a4aa-9d5fa43d41c1,6,0
524e19e6-def5-4340-b164-880aa6b99e2c,36,0
528006ff-6dc9-4464-9408-e8994ee7f320,74,0
529449fe-9e17-4040-b39d-9b7b3b87191d,45,0
52b6ac50-825c-4454-a122-a89601f5e9e5,89,0
52e3f150-98d4-4614-a4f7-b0ae78948897,81,0
52fd3ce5-de85-45f4-be49-6b9170dc7b32,48,0
530fbe10-8043-47e4-8ecd-659ae033af09,93,0
533e1d4a-7010-4fd8-9d8b-3b3741054d1b,45,0
534fd60e-5b51-41c7-98ae-f090659b7734,49,0
53543888-ab18-4fcf-9815-760abba408ee,1,0
5362ae5f-f2ea-4355-b05c-ccf916d61550,48,0
536af4e2-b8fa-4bdc-b5de-68f029e80ac6,71,0
537592c7-eebc-41a9-94f6-3596bdf28f13,34,0
538d48e5-1a24-4ff9-8292-60259f2e60fc,93,0
5391acf1-17aa-4550-bd87-9cb609175901,25,0
53bec15b-197f-498f-b864-96cf40ab2c5a,7,0
53ced1ca-86f1-4c60-a084-e4123c8f18bd,39,0
53d9579a-b76d-4a90-b6c6-f175c3ede512,49,0
54612064-6e56-44ff-809b-fdf7dcad7742,38,0
5468cc1d-6958-4436-97b4-d4cf7996c18e,74,0
54804d72-0961-4a89-9545-4cf7110be8cf,44,0
54d68251-3440-4840-ae10-08f1204764a2,52,0
54f4f3fa-8081-4697-af96-cf49c353a9fc,8,0
550b59ab-d15c-4f24-86ba-7a2554027e61,59,0
5523413b-89cf-46fe-9d07-c4aec5832006,92,0
552a16da-73d3-4ce1-8d7e-6cd21fbf98b8,37,0
5566cfa7-1db7-489c-9dd8-c3fa2f4c81ed,46,0
55813c9e-0271-4443-be51-2182a5a5a597,9,0
55ac0069-8878-4d2f-9f56-b3290095c1cb,34,0
55b4bb62-b34b-4fad-8983-3ddbf1960170,52,0
55eb2a73-7e1b-4348-9dd2-dadf03b10f9a,61,0
55f09855-0dd1-45fe-b2e3-6b5746dbc476,46,0
55fa3a0d-338e-42e6-8746-d3a8d0aa9c5d,36,0
56763826-3a03-4608-bf4e-c2d1de1b7ac4,66,0
56b10bf4-b99e-43a3-b078-53ba121dcbe5,53,0
56c86511-6b5b-4f54-9ac1-d16722f6981d,72,0
56d85fd9-5727-4607-a8c0-09ca92401d4a,9,0
57051832-44ad-428b-8923-c9e18edc9e4b,41,0
57651d56-92be-4792-b661-977c3884eca9,12,0
5796e26a-cee6-4039-9288-1eee483d5108,58,0
579f0279-0560-4126-baaf-85500e38c231,43,0
57b8bdeb-83c8-4a84-a9c6-11c215ead120,64,0
57c17f66-c28e-42c0-bed8-eba6d1887745,62,0
57d8b2c5-d05b-42fd-ae58-53bc9b36cb27,9,0
57f73479-afd3-4b67-b112-141bf9336b1f,56,0
583e4e76-3cf8-48be-97c6-689481ad94d7,86,0
584e6560-f24c-4f32-9092-c2203ecd5ee9,25,0
587eac47-39c7-4e91-bbbe-22ac6da35b61,59,0
58b1abc8-a82f-42a5-afd3-7bd15e1f81ac,7,0
58b265fc-4cb7-4b90-86ea-3dae5e4e159f,71,0
58d62df5-18c7-402a-9010-700c7fd7595b,86,0
58e28857-9351-41be-a016-660780360bbe,55,0
58f0fe6d-6a17-4c79-9914-754de1cc93b9,48,0
58f12c99-317d-4b13-91dc-47f8ccd907b7,38,0
59267d8c-c246-48b9-9c18-81a5fce6606d,75,0
595c1582-01ac-4ae8-9238-7d691c202f90,4,0
59630459-e94c-4bcc-9868-5f6ec03abc09,12,0
59862782-835f-4745-b25e-b8e8cd0f4044,95,0
5993345f-4979-4065-83c0-a4e2c04473e4,93,0
59c7a653-691d-456d-92bb-f877f5f0ad46,73,0
59cc4094-d83d-4748-8143-9f25e7f68ea0,6,0
59cd9709-3127-49e0-b3dd-fe9e688f33d1,58,0
59d3dd72-c270-46e0-952c-249737487407,89,0
59d567f2-6dae-4333-bfd8-488a66a215ff,9,0
5a021975-fe6f-4df4-aedd-abea94e7f566,13,0
5a1eca42-5911-458f-ae39-41220af1e9b9,29,0
5a35ce81-ce78-4669-b9d7-478e58d8b66e,42,0
5a382601-145e-4007-8df0-56549db859a0,51,0
5a39ef37-6872-4476-975a-da4b881f6e16,13,0
5a8f25a1-0044-4814-a8e1-34bee68725c5,61,0
5ae88538-1d1f-443b-93b4-cc1ee50ec974,7,0
5b1dc1c8-1b8f-4bdb-be72-130f1d4dcdfb,83,0
5b3d0e8a-cd0e-45d3-9200-a57434799232,81,0
5b55395a-a3f7-4c45-af1e-b58377182865,38,0
5b749fe0-35af-48d0-bff0-efc624f4eb42,71,0
5bb00bb1-8603-44f8-bd06-31d30fc1df07,64,0
5bbca0e9-449c-4b5e-a5c0-95de9eddae2f,7,0
5bf72af2-89eb-46e7-b6c9-40b0ee0387d7,41,0
5bf97d90-28ce-41b9-8b26-49bcd80eca06,9,0
5c5baea5-593a-4684-8193-9776a88c41c3,89,0
5c88ea15-b994-4091-8533-0b8be5b6881a,19,0
5c8ae836-093a-44ad-b3c3-47bf43534706,81,0
5cbe2bfd-c385-4ea6-860e-02eece10bb21,78,0
5cd0819a-85d2-4baa-81ef-2d6d8832abbf,29,0
5ce8a642-568a-4c5a-998f-f908015e4481,79,0
5d353a35-bfed-4e69-a231-4f950ce2370d,62,0
5d4080c2-cf39-4350-9126-ef92d2535342,82,0
5d7b5e3a-30df-4d00-b0dc-afa5d8d9905f,12,0
5db86b7c-6079-4ecf-adf3-cfb4b2bb27a5,77,0
5dc1941c-5d17-4484-8703-0465061568fa,1,0
5dcee297-c393-4225-a8b9-4893fa4773c0,88,0
5ddca1b0-e955-4bfc-901e-ef15bba8341c,92,0
5ddd81b2-d6ac-4f1e-be0d-3509641a8568,62,0
5e17c32b-87fa-4aea-9920-b5fe213ab7fe,48,0
5e1aa4d1-630e-45bd-bb49-d73f704875c3,35,0
5e3ff33f-f239-46d2-a076-2e904c232668,62,0
5e4b9885-714b-423f-b2d2-2ccb7f284fc1,79,0
5e61a795-626b-4704-ad57-a9a3d10b9e7e,52,0
5e6c52c4-0919-4445-833d-0c79fe3e340a,65,0
5eb26b0d-3746-47d1-b563-2dd6b307da6b,86,0
5f048593-ef0d-4487-a0ff-c28528cdfddd,51,0
5fa78618-7633-42b6-a20e-71b4289362ec,79,0
5fb03989-56e0-42f8-b992-0c549a8f4309,55,0
5fc07aea-8afa-4a89-b0cd-44e047fd74d0,7,0
5fda02ad-f00f-4247-a215-861db727652b,83,0
5fe56cbb-5723-4fdb-9fe3-cdde175c5394,95,0
600a75b1-f7cf-427e-8da4-0e6ec1655fbb,42,0
60432a8f-f078-427b-b4ed-fe6176f89907,66,0
6076f952-3184-4daf-9c2e-9e4cb5d2f3b3,39,0
6078cbd2-fca3-48f3-a8b8-172f646a2b41,61,0
60ad7e43-3b27-4683-902c-eda379c407c0,87,0
60f6b033-00b4-43fb-980c-a74b7a54784e,5,0
6118a6c1-8b2a-47ea-8037-382c33b7e0f3,9,0
61281803-2400-46c6-8d99-3b7ff350cea7,74,0
61291e69-f19d-4750-9d2f-fd19b7d70566,7,0
615cdf97-18ee-46fe-b0a2-f3def6a75241,74,0
61b15331-b04e-483c-a646-26e304f16a3f,92,0
61f861ed-c18b-4bc2-bb9f-9ebdc7d4636b,7,0
62152ec2-86eb-45a4-a85b-d138fa0e25ff,1,0
624ddb9d-e8e4-46c6-b664-fae89b8eae11,18,0
627acfc6-06b5-4e15-94d4-c2962873e63d,1,0
628bf39c-4bea-4916-b0b3-6f4f7d3951ce,21,0
6315a558-c97c-4316-829c-ff64cc9c50d5,82,0
6358b343-f948-4e38-9b5a-b676bf6683ce,53,0
637ffa21-2c0c-4565-b1e8-1a70ee7a7c8b,59,0
639b46a3-c9c5-411d-935a-a2094769b5fa,44,0
639c6d64-59fc-4558-8705-ecaaebc93d9a,64,0
63a92388-6d7f-4f18-a4d9-28eb34eeab18,62,0
63abcbd3-9a49-4bd8-a1ff-c065f7f3f4ee,81,0
63b36b96-8b5a-4240-b293-495f4b815ad6,48,0
64115924-d0b1-4941-b0f6-b0690325acf9,82,0
642d9c0f-24bc-4074-a4dd-f431d1082f57,29,0
6447473f-a80b-4644-8fee-b66a0aedaff6,25,0
645b7556-86f6-428c-aec9-f1b95c4a1f49,65,0
647a9793-9669-4119-920a-dd551f66721f,93,0
6482f291-57db-4e07-aae1-0de55d8b42b2,28,0
64a37b12-bbf0-4d06-a1e4-d9ac67649f41,81,0
64c42b96-9080-45b2-9e63-d8af0af15fe7,48,0
6522b13c-275a-40f9-8743-b574b123a75f,54,0
6596bc77-d1d1-4db6-9459-c8192de14ea5,64,0
65d66ac3-70a8-4d8c-9ec8-7ba3fb533acf,51,0
66061ebb-0ff9-457e-9370-c3c31e6c668f,93,0
663b1b14-a5ad-4285-89ff-0acebf71085b,54,0
6656e5b6-30e7-462e-9db4-aa43cded7198,48,0
6673c321-d849-4e4e-aed0-2a8bdf272c3c,75,0
66a2c63b-fc7f-46ef-9273-e9cf81184f6d,8,0
66a33d8a-7e00-4e95-bba5-6aee68e4f99f,41,0
66b27029-383b-4e8b-b6c5-b4c6d6f10a14,86,0
66bd177c-ec4d-4894-8693-28757166e32a,75,0
66db2331-97c8-4c01-a0a8-79b0faa70d99,63,0
66ec4e06-c14c-4d96-8eb4-2832f6718575,25,0
6702164f-fd10-48e6-acf0-14f800368e36,18,0
670ca449-1edd-42bd-b150-9d77cf2bb522,8,0
672deb5d-7961-41d9-ab63-a886bcf39a78,66,0
674e5796-6b46-46d5-88fd-344b51ad0971,71,0
676d83ba-13c9-4cb8-9cdb-e10a6cac80a4,74,0
677f53a0-23b5-4a69-9844-6531a2e27213,18,0
6838bd93-eeae-477b-adef-53a72c41a4b4,58,0
68b5c262-6ca2-4270-9adc-77e2569a3034,61,0
68cd05bb-c65f-45aa-a339-7995ddb32f5f,72,0
68e9452e-2a8b-4764-97d0-6b6560f980b7,13,0
68ec103a-b1cb-485d-bb69-38115de7bced,17,0
69996d5c-0c55-449e-abec-df515d8029c5,52,0
69c82fb2-66a8-46d6-b314-0a28cb6be34d,49,0
69cdc9ca-4605-4302-9be2-c808352863fd,49,0
69d9059a-d2ab-4fb8-b453-3b962c105d65,65,0
69dd6716-428d-4b57-bae0-b745e844b066,38,0
69e64ce2-8dab-4643-a883-13801bc1543c,79,0
69fed55c-5d19-4a66-a0f1-4ff9af2285b3,86,0
6a2bc7ba-348f-4c2a-99b1-988ec64808d1,2,0
6a3252f2-0440-49f4-b37c-b3f14cc9f74a,29,0
6ab42ee0-0a99-4f9f-824b-01d5150dc8d4,25,0
6ad641a7-b0ff-4b87-8aa7-9bff939ee970,95,0
6ae1354d-2797-4390-8e5c-4140e7696268,73,0
6b0b9e03-24ea-4d6e-9771-333665edccbf,7,0
6b250ef8-d970-4eda-9bb0-ac8f591ffe37,89,0
6b65e7a8-d048-43af-9300-397643b01df4,75,0
6b8fe857-c849-4796-875d-cd7a499db7ec,46,0
6ba75634-d966-4d98-b26c-5875a3fe5d42,81,0
6ba8ee97-ffc6-4e74-96b2-524149738b2c,34,0
6bbcc243-bfb2-4124-9ebb-fc7f17d1be45,74,0
6bd83768-0eed-4248-84d1-297fb80b00da,93,0
6bfbc43d-2059-40d3-acef-e7a6d879e380,4,0
6c0a7b81-17fc-47c0-aeb9-da0f2df156bb,87,0
6c2980f5-dc43-4800-ada3-3df81885b660,55,0
6c2d1988-4629-470f-b0da-7b26f7b4b56c,25,0
6c5731d0-9abd-492c-8136-be32154a6526,37,0
6cbde06c-c19d-486d-b16b-2ebba2e5d8b7,21,0
6ce0031e-2f86-422a-ba38-09569760685f,7,0
6cfa275d-41ad-4b5a-8a32-b0c399c0598d,34,0
6d0a2fc2-ed9a-4b1b-8422-c73237b86f87,88,0
6d11d995-f021-4ad8-a621-e81e3f3eac67,6,0
6d1fae07-cfb0-474b-9680-f434de1c826b,77,0
6d2a1b46-e14e-4dcd-bbd4-601b6cec7ad8,56,0
6d52ecc2-7cdd-40e3-8bc5-f6bd39cc1d0b,6,0
6d6dff2f-d8a3-42c8-9bab-0e4e882e733e,95,0
6db996c1-0db1-4a79-bae7-31b136b0a9bd,87,0
6df89821-9cd9-49ab-b313-09fd6b0ab036,7,0
6e303cd5-ca9f-4289-ab04-b83f05d74cd0,75,0
6e58e7ed-b5f3-45ac-a3ac-8d2be8d957ff,92,0
6e79b1e1-a7a5-4414-8eef-5c70789743b5,89,0
6ead3dd2-dfe3-4e72-b264-4ad033cd8869,28,0
6eced80a-c4f5-479d-b16b-5d43aae11944,59,0
6eda5768-09d9-47af-8803-3c9195bb8383,65,0
6ee71034-a7b0-4f8f-b5b8-de26e73ac018,66,0
6ef7fc8b-6090-4100-8456-9b275fc506e8,4,0
6f06c317-9f28-4d47-a2d5-31cdfa34da98,4,0
6f1c7a1d-7225-40fb-abf6-f4190a52a91d,49,0
6f417851-a0ad-457d-9f4d-cd8a37906ef9,21,0
6f4b49da-fff6-4188-86dd-440a9d8ec026,37,0
6f7f080b-7609-47ce-a66f-d6dddaced974,73,0
6fa45339-4ba3-4714-9a50-cab03475aee0,53,0
6fd4c303-bd9a-44b8-a15d-81d1c331c475,95,0
6ff1974e-4f7b-4d79-95c0-f9ef41254a9b,4,0
700a049f-e831-4c8d-8e37-aaaa4a298566,7,0
70b3edc5-c59e-45f0-b4f4-896136b7ae33,5,0
70d59718-0add-447f-8577-74b1cd74884e,56,0
70d8a642-fc0a-46b5-9f06-ca56348e3d3f,71,0
713d4992-cede-4ab1-b1e2-67a595309112,53,0
713e3815-dae8-4c76-9270-e710a9d2d1b6,75,0
71498039-7b54-4106-8836-05b42097e3d2,53,0
71b8fc18-40d8-4826-a8be-397958511a9f,79,0
71be863e-b2cd-4390-a0f3-a1ace60c6a63,95,0
71e19eca-20e3-453a-bf0b-6ef27ad4a5db,82,0
721731df-dd4b-49ae-9954-ccd65013940b,83,0
7270fcfd-94cd-42b5-a650-5c39bade09ea,71,0
7276a1f1-fc09-43b9-a9a3-1a20fd3f21e4,55,0
72a1dce6-a138-4b77-b89c-ff0faa165452,95,0
73112608-eaad-40df-bfff-8842903758a6,82,0
73264cf6-19a1-4e5e-aabb-27fce10e663f,82,0
7344aaf2-f986-45ee-a05e-d76cf2d185f8,39,0
734de115-6dac-4d03-8e5a-656f74ef5a2b,41,0
73749548-a918-4d32-827d-d9ffcf301e69,62,0
73995c1e-7a80-41c3-8dd3-0e9863841bf3,47,0
7399dfc9-2c02-482c-ab05-9a6a22036766,74,0
73a601cf-5f56-402a-bb33-c7a8dfa4306f,87,0
73a75c24-36e9-4c87-9f59-5d5f1b41d1bd,82,0
73ec5865-616f-4ce9-9992-f93d5707450e,47,0
7408116e-0bad-4125-aa39-53395855db64,71,0
741a014f-028f-4595-827b-71a376c8f7b0,12,0
7452060f-81f8-4738-9a56-33df79e23982,19,0
74db4a31-bc4d-432f-a711-9c67c635d3f3,76,0
74fd8e21-9b72-4ff6-a1e3-3103f18b7164,77,0
7505b1c6-3c38-4a4c-b02b-433bd29a524a,7,0
756aa068-ae96-4806-ba1e-880c11e89949,83,0
7583770f-5896-48c6-a472-739c035875ef,33,0
75a6768e-1131-46c5-b4b2-dc0a11fdb005,54,0
75abbdb6-a1c6-44c8-9eef-5943ed19b290,71,0
75bb0a7f-7aa0-4fa0-9707-99d6c6454d93,56,0
75c5dd6a-a52f-48f5-bd17-f9624620a636,81,0
75ebd64f-3342-48b4-96c1-872f20285e18,54,0
75fced4f-1df6-40d7-adb5-aabab952ca3d,95,0
76016c9d-4ef1-4c50-9c52-fd4738e7157f,81,0
760b6df7-a397-4e4f-9fc0-01b5a90b0f47,65,0
763807cc-5bc6-43a7-88f2-41c035015192,58,0
7639e33d-65fc-4c92-812b-e6f75d127fe4,34,0
76884ec7-dbad-4e9d-829a-ab58b5cf5d93,65,0
768eba9b-14ac-42de-aa1a-2277245f3f7c,64,0
76aaf02e-adbc-4790-a2a2-919b7bf1216d,63,0
76bc9a8d-23ee-440e-a563-ac3b26dc04ae,37,0
76c39712-8ff6-4ed0-9997-73aa2b165373,69,0
76d4adf8-76e5-4670-91eb-4686d4073ad1,43,0
76d5060e-ceca-44b0-aade-55e1e28a4de1,64,0
770aa4e1-6e64-4af4-8daa-65bf1de04d97,35,0
770aa7c4-10f5-48dd-9e01-788278558cfe,93,0
772bd174-3072-4358-8be0-9f59661a4b42,2,0
774b381e-5817-4c2f-a9b9-186ce0f1c1ea,66,0
77508fd9-7f1b-44a7-9db4-37f533fef3b1,75,0
777eefc5-8797-4acb-86cd-21228c69e573,69,0
778866ac-b7fc-479c-ae16-cc4af3575ccb,9,0
778b7dbb-fb91-446c-a960-6abe72e26ed3,82,0
77a6993b-9155-49fb-851f-60e436241ffd,82,0
77cdeb8d-2045-485e-bd81-661d4580d320,61,0
77f31e5e-d837-4763-a86f-9d80cfbc010a,28,0
77fb1d31-9db8-44e3-9f52-15de955cd34d,54,0
7812349f-2586-475a-a8cd-0944d9def535,63,0
783564ea-0f1d-40ba-aacf-b9c9306ada8e,83,0
784157c0-8916-43c9-bc14-a57afc6049e8,79,0
78806fdd-f4d9-4df9-9ae3-a96fd1e1330c,34,0
7886951c-e53d-49a3-9f83-9e1e4b1f46f3,39,0
78ac0d6d-2e07-4240-bb8f-b0813b654d7f,25,0
78bf3313-324d-484a-9715-bf4b68eea488,54,0
78c82d34-9c89-4c75-b214-e9bbf8dfb4f8,81,0
78cc38c8-bccd-4605-87cd-796e8a01a50f,73,0
78dc2693-1a34-4cdd-bb9c-8ce20c361f8a,5,0
78fe16aa-8a13-41f9-b883-fb3c64b565d0,92,0
7924a1be-984b-46d2-babc-fdde4b3ed72a,56,0
796bd0cb-7b03-455b-85e4-f50bae020b6d,75,0
7978d0f7-b594-4f46-9b61-1cdfae538637,38,0
798e8b08-4829-4dfd-80a2-61d9f7b11ee5,82,0
79c43b27-b33c-4722-b3b0-77b6e4c1b185,46,0
79f98c42-6b31-4a03-9971-bc2de704b9a8,88,0
7a387629-1bc7-4600-9d9d-3a3be5320b96,38,0
7a38afb6-1697-494a-8fb9-f82e1ccea300,35,0
7a5d21b8-e4b0-42f1-b29d-88b06f79fc8a,38,0
7a6d0d2f-eb62-4ea4-9875-335e3fe05518,65,0
7a7a0de0-1c57-4b0c-b588-f8fbff774f38,4,0
7aa8ecd3-4f72-4992-8049-78d3ecf1a6ae,12,0
7b1bb5ee-ad0e-433c-8b05-6f157b146e31,86,0
7b3d6ab8-2205-40ce-bfa9-9ca93400ad3a,5,0
7b49e0cc-53d0-46c9-a7d0-2fae0eb1edbf,45,0
7b854267-3047-41ae-82d5-eb3df7bbb6e0,87,0
7b8a9de6-a0d3-4f73-8af5-7496945f8bf4,51,0
7b8d8b38-3c5d-4c17-9932-4249db711592,39,0
7b99ea24-badf-46fb-9420-011fce706c62,43,0
7ba85c77-8493-4ab3-b6f3-2d93863e9c73,95,0
7bac366c-523e-421f-aff4-a48de3874a25,9,0
7c1e1563-808e-49bc-899e-3bb2e74eef3e,49,0
7c415c54-94e3-4ca7-8ec4-1c9fff5ebc99,43,0
7c65b754-8da4-48d4-9ee3-0212131616ce,59,0
7caed5ce-ce06-451e-8618-3e245646e480,65,0
7cbaf037-4b51-42aa-99b7-4bd11439df11,65,0
7cd06f58-739b-4874-aed0-fbcb80a90fef,28,0
7d19597c-1635-4871-bac3-0c02c9aafd9a,59,0
7d36917d-60af-4327-8db7-48fdc0ef7f7b,2,0
7d4a2fc7-4026-423e-bc68-32a0bce46194,46,0
7d83ab1f-1ed4-4482-9357-47cab6e59d07,38,0
7d945357-2c82-435e-b3cf-2c4bbfffab9c,95,0
7d9d74ec-8e6e-4818-a993-e82b4b6d2dd9,37,0
7deb2b10-4698-4365-864b-1633e1f64a82,41,0
7def5816-19ff-4470-a585-5045a9fd763a,8,0
7df13913-750b-46dd-b8fe-2c16c81f155a,41,0
7e110946-a5bc-492b-84a3-0dbf67eeed53,81,0
7e13de2b-5ee1-48fd-a518-fa906f267553,82,0
7e55ac9c-6649-4f9b-aa12-5a7bcb1ca583,28,0
7e921f38-fa26-423b-b0fc-83cb6d8b5770,93,0
7eb004ba-a173-4c23-a442-4e7aad814663,65,0
7ed73006-9430-43fe-b85e-973030ca1c30,66,0
7f1dd2a8-454d-44a9-8bf3-19b03faefae3,75,0
7f4aca45-1e61-4995-860b-273b1ad5b8d5,87,0
7f61c465-fe2f-414a-ae57-d898b2647db5,51,0
7f659fa5-7ee7-418c-b71e-90bc8901bd80,8,0
7f70c0d4-55c9-4732-a303-f05bb388877c,29,0
7f8abfbd-5d0e-4c8f-8b6e-13f7d150f906,62,0
7fedbc3a-3b6a-499c-bd0b-2ac150f69720,74,0
8004d06c-5f81-428d-9c98-519eb66d7d90,82,0
8005998d-3539-42cb-a97e-18e88f79fb45,34,0
8015b11b-19c9-4735-8eec-e30b3827bc40,29,0
807e76d4-133b-40ce-a549-95c502fb1990,79,0
808cb9dd-5ba4-4670-877e-e762f317bfe0,27,0
809f9f90-f03b-4901-8abc-670a19d32945,38,0
810b410d-a9a0-4a79-b001-06dacb929b5a,95,0
810e38aa-6e2d-40a7-8d0f-11356efc2ada,44,0
81502510-bc78-47a2-996b-b90d69a6dc30,51,0
815a34a3-1c93-4767-8b18-ae964ac2da4d,88,0
817416e5-01b1-4f60-9d97-a12ff6d748f3,87,0
8178dc8c-41ea-4195-8161-7ab6a7cbcfb6,1,0
81a5dd80-ac9a-4fa2-8817-a3649e9ffb55,82,0
81a7e6cc-c04f-4a89-8019-d4f5c12db3ee,4,0
81b46742-b56f-4c87-b953-1ddaff290d70,64,0
8201863f-0cb2-4c91-abe4-2f6bfdbbddd0,82,0
821ab8fe-656d-4530-8bf9-b7d54e494d3b,42,0
8238f71e-0abf-4027-99dc-e251cc773444,74,0
8241c281-4947-4bd8-bb00-dca53336ee9d,43,0
824a87b8-6df6-46b6-8079-ac5f51ecb084,81,0
828ab427-f363-46b5-acdf-e98ea1a287ed,92,0
82f946f7-d54b-40f1-b326-e1a065e78910,9,0
82fcbd51-5039-485a-9621-6fabdfa0c30f,71,0
8315c0d8-15a1-45f1-a02d-13612644ddc1,19,0
831abb1f-9ad7-4e7c-a7ba-24f7e0f20c46,21,0
8321b57b-474b-4014-9b0d-fb16eb8ff209,89,0
83433ac7-ea45-4340-afd3-5b5a2111aad9,61,0
8352a639-6912-4350-8637-cfb13fca6009,5,0
8354172f-b4d6-4ba6-a3f1-b007d6a4560b,95,0
835e1078-4e37-42cb-a6f3-c55bc7794521,93,0
83c09df2-bdd2-44ed-9e17-b8de3933abc6,1,0
83c0cc29-af5c-4177-af85-e776b4c57f8c,34,0
83d9f13a-1a26-4ed0-8eab-508864864106,88,0
84af4de6-fd23-42ce-abd6-8f8667c9a016,49,0
84ce0d71-d933-47b2-87c9-7e97ea67b179,25,0
84dc907c-c58b-4f16-9b87-08be53cc1d22,46,0
84e39738-68fb-4a73-b159-83ed2d3022fe,95,0
85276e53-c4d1-4d17-96b5-e52a203db1bb,9,0
852bcf1a-96d3-472b-ba65-ce951039ce73,2,0
857d97ac-905f-4b89-a775-9729da8c4c8d,49,0
8580befa-120b-4f55-97c8-88df47667361,48,0
858178e9-462b-470a-abe1-c8c5f4acfe24,54,0
859398c1-19e3-4c31-8d29-25412514c76b,13,0
85a91983-36d2-4bcd-bfda-f109204f7193,71,0
86486d25-649b-46ba-b308-12ba336e936c,81,0
865914c7-1855-4f7a-82f7-e5049b9b404f,71,0
865e94fe-9e0b-48e1-b629-058bc4426caf,53,0
86c49103-d624-48a3-b7f3-18fcbc098782,9,0
86e11a32-de32-49a8-9264-c6788c06a672,48,0
86e90dbf-2fca-418e-ae44-1d739f144654,87,0
87422272-ee7f-45f2-8cb8-453bfc3dbf81,74,0
87784d5d-5ee2-436d-a7fb-f49f27683f84,93,0
8790cfdc-b32b-4053-a2a8-916a7f2c311d,92,0
87ad0cc1-830f-479d-8911-a01f5a8bd7da,61,0
87b97bc2-d227-4ad4-81c6-48574dbb7a14,54,0
87c8c0ce-947c-4de9-9e0a-4476260566ca,81,0
87e6d8a6-c8a6-43db-b034-c673ca2a7fa4,87,0
87e8c02b-1999-4f23-a510-4c86838dff41,9,0
87f05c9e-1cf2-4e22-ab86-d7db61855dbd,9,0
881e21b4-17bb-461d-9662-85ad22a5a314,86,0
8830fc60-76c2-45e6-a723-165706139a4c,37,0
8852b584-3bc3-4b13-8a63-bc0c2c3ea14d,95,0
885c10b9-1f8d-40f1-83d1-de8bae65d7e3,64,0
885c5ffe-9fe2-4eab-aad3-678d2e3cd897,79,0
886f4a23-c456-4dae-843d-94e25cea5ea3,62,0
8883c1f5-efa1-4995-bd4b-9f0039153127,81,0
8893eb57-bb2e-45f5-9a18-fea3b4eafd54,4,0
889c8743-8d93-45c8-82a5-fe12b8be068b,7,0
88a0e3c7-1fb6-4754-b49c-a59a83262e9a,59,0
88bec97d-c669-4a0c-b0d3-08090f6f60ff,93,0
88cbb411-f108-4294-a4bf-13e43a3cc813,86,0
88fa36dd-3792-4c3f-8ec7-4321165b114e,87,0
89073640-b9ee-49b2-951e-89f1f58af0a8,38,0
893fddd8-c48d-407c-8dc7-b2a2e4d03ffa,2,0
895fca5f-1747-489f-a9ba-ca5130f2d6f2,35,0
896bb7f8-5e06-433c-9562-0bd31c677dfe,76,0
89e6692b-28a9-449b-ba66-9921b673fa7c,58,0
89f76ef3-7829-4cd7-a26d-314377dce997,69,0
8a081df8-a0b6-4cd5-8241-93a0cf7140f8,75,0
8a266051-eb0c-40d5-a4de-1ee0fc7e4193,62,0
8a456000-6fa7-4aaf-94d1-2969fc276552,62,0
8aac8513-3a20-4db7-a8c2-89ce651b5525,17,0
8ada8ea7-f775-4427-9b8a-bc5e34ddd8ed,12,0
8aed37bc-4cf7-49c4-b745-afe393290d75,55,0
8aff7b86-899c-4c17-9ae8-8dc2c86ebccd,47,0
8b67b7d0-7bd1-42a6-9efa-4fc8857ce755,27,0
8b6a0f53-b421-4d09-89f3-de9f6ed43a7a,4,0
8b87a27c-f901-4aa1-9a69-55ecdedd6ce4,81,0
8bae190e-2328-4209-a206-1b7a21c93f1a,79,0
8bc3d621-a877-408b-80a5-0cc821fc4635,64,0
8bd9e948-fd69-4ffb-8fb4-e642c66b8745,7,0
8c03775d-b47c-420c-9a80-b59ec7958383,29,0
8c16949b-4ef4-442d-ab61-1b015a0099e9,46,0
8c22f3e0-46ba-4100-a8d8-efcf27cea1ab,83,0
8c321fbc-f581-43f9-b5af-fefa56365cf8,18,0
8c4145e4-96a7-49bf-aa82-c3444ee941ee,82,0
8c60270f-ed2f-4445-9fc5-7b18e396fadf,8,0
8cad91f2-0b62-435f-8d87-701e742d44b1,71,0
8cbea6bc-ee5a-4743-8b1b-5aad60afd0c3,58,0
8ce87e32-62e6-40ad-87ff-59cad40d10c7,29,0
8cfefcd3-3627-4a55-9b30-577b403c479f,89,0
8d6c30db-bb60-4dec-993a-159cebdff5bd,8,0
8daea6c8-834d-4b10-ac8d-bd9b6a1a2ed6,87,0
8dfd1b29-58ab-4deb-9d3b-83eb18d67a72,1,0
8e1e19ff-c51e-45ff-a8bf-370f2f67bb2d,44,0
8e590699-d248-49b8-b49f-d0f77650dadc,36,0
8e833bed-fc65-41fc-88b0-0a9229378b1b,19,0
8e88db0f-71e9-40b6-99d5-9eafc1c65576,92,0
8ec2079f-da45-4969-9cb2-a3759b71660f,17,0
8edd4dd7-cf62-46ba-9cca-c283be6f4d75,75,0
8eeb000d-9786-4f28-a860-7186ea99b92d,92,0
8ef48545-d8d8-416b-baf0-9f5aabc76499,93,0
8efb418f-106e-4493-88f4-a3a05322ac73,8,0
8efdd8af-b2da-405f-839d-ae2fe00decca,93,0
8f5312f6-d168-4f11-a18c-708d8990ee2a,54,0
8fb1448e-dc9f-4c9f-ad25-d838bd19c3bb,37,0
8fb16826-d7f7-4d13-a847-596e80e8fdfe,55,0
8fcc2d48-02ab-4b08-a23a-501c36531910,63,0
8fd534a9-90bc-4dc6-ab16-36f8450468a2,1,0
8fe867ae-73a1-4a06-a070-7f6e3ac2622a,6,0
8fe9c836-9dee-4917-99be-8733a7492ba9,46,0
8ff1b37d-29ab-4c4b-957d-77ab1013035b,87,0
8ff9296e-e7cf-427e-9c84-2b34315c127a,36,0
90237c38-1502-4d06-a646-77a59930ccf2,62,0
908a3b40-3686-437d-864b-359869306457,51,0
908eebd1-2fb8-40cd-bfeb-2b759e5bced9,12,0
90bc2b17-68b5-483c-a29d-ac594c8383bd,5,0
90bf28f2-60ea-467b-b3ed-a576854f894e,29,0
9152b3a1-2212-4fa3-8c1f-7b50f892be85,53,0
9155d089-60e2-4c50-95fa-6ade923b0301,8,0
9167f5fc-dc3e-4f96-8538-a2aa99e38664,78,0
916a0908-2155-4953-b08b-d85f8b50c030,9,0
916e292b-7f8e-4ee2-8e2f-b8c255273ee3,88,0
9172f2cf-3211-4da5-af47-f2635cc44f9c,92,0
918782e7-3801-426d-9872-c215dd28fcef,95,0
919f6ba3-ca9c-4875-bda2-37c95c2116a3,42,0
91bc7f63-fa5a-4a2b-bedb-4f34126ea10c,38,0
91d730cf-bc1d-4768-b581-2d83740792c9,21,0
91d93e6c-b22e-4e56-a2dd-7de6aab4f4c8,41,0
91eb09cf-3a8c-43cb-929b-bf71cb3dc802,14,0
922da888-da1b-49d3-95fe-9a1c5638cbe5,34,0
925d3d5f-d9a0-4bdd-a462-3c430f86bfe5,74,0
9297718c-ecd7-42c1-835e-a9a91fb8e907,36,0
929bbd7b-9d77-497b-b7f8-7721017a2d32,33,0
92ad3f1f-df7e-4679-afb3-e3f70430ad85,12,0
92b177e4-86a0-4f03-a1ae-85071df04927,14,0
92b4f655-dce3-4e0f-8ee0-be57bfb60b82,43,0
92becbaa-0e73-4104-97e9-adf7a7f7a10f,36,0
92c0e671-095d-46c5-a31b-3a9098c6ee8f,92,0
92d0f9cb-ccea-4a75-8d7d-52b712e80ea0,75,0
93182c3a-5ccf-493f-8d1e-9948da278266,5,0
93541bca-6465-413b-9b12-5b55d61a331b,21,0
935a2dde-f17e-4a4f-a225-1bf07a362736,8,0
936b71d1-940a-48c6-a138-32929958eb9b,82,0
93877399-aedc-4549-82e4-961e11de6fa9,7,0
93884d7d-c3b6-4524-82d4-a428c375768c,18,0
938a82e1-2bc5-429f-b623-40b37a52df7a,35,0
93bf9e8f-01ef-43c1-bdeb-06746fe58486,73,0
93cb66e6-16f0-4fcc-8230-7797560ac170,95,0
93ff86ec-2e25-4c3a-bac0-a8d4a39ae41f,55,0
940ca29e-996a-443e-83a7-1f655f878961,39,0
942b4043-2fea-4f6f-943d-50aca9869a1c,4,0
942e52d0-5549-4878-a397-714ef0ec3607,12,0
943ffe30-9ac2-4288-b625-30c1b5eea402,35,0
945fde79-8b3c-45d7-8f7d-846915fad32e,25,0
94d1f447-b52c-47ab-9ee3-97b8d88001a3,92,0
94e176ce-6696-4c10-8ee6-1cfc918ba674,38,0
9508775f-b17c-473c-833d-faa917bff237,71,0
959ba687-e91c-43cf-8454-5420569a68f4,46,0
963846be-c41f-45c2-bb66-03e50a09498c,25,0
964c3981-7cf0-49c4-a99e-e4d5546214ce,13,0
967b7a28-040e-46c1-8744-1d3db4071b8a,4,0
96a3bd45-afdb-4d6a-850e-e14389907018,81,0
96a8f393-66d5-4946-b079-e8227184c4ad,47,0
96bd4794-c202-4dc3-a5c0-80cb4272d6f2,61,0
96ca2c9e-4152-4f7a-ae0a-c5e75ed1c43b,95,0
96cee828-8475-4dba-af20-eb8dd7a63786,83,0
96e7063a-029b-49c6-8f90-403ca894d85b,83,0
97018d41-7aaf-48ad-a7a1-c5cedbdb215a,48,0
975cf2c1-b5d5-428d-949f-aaa9e65449c2,53,0
97723e3c-59eb-4ec6-aa38-d766b4fe0a2d,25,0
97de8806-e6f8-43d4-9158-0a99463bc5fb,6,0
97e7e53b-e455-4512-bf2b-a3743ba07cc6,4,0
9812c6ea-42bc-4fc6-9f59-5b94f3284a68,44,0
9824ba56-c488-4a25-8f18-62b33de884fb,34,0
98365e58-a2e0-42f5-9be1-4333458aad1b,39,0
9836c86f-e197-458c-b1ed-08ef30368e16,4,0
983bab6d-b467-48d9-be49-5938fbbedd3f,47,0
984f9ece-efde-4736-9efb-4d59db2e77e3,34,0
9868cd4d-4e95-4584-9512-e5aee1a1391e,73,0
98b51fec-8ef6-448e-9390-367ed045db6b,75,0
993221c9-ea9f-4dd2-8b42-ab5b399a6148,62,0
994cc551-55eb-46f7-b70e-991a21bdb660,9,0
99ac2832-f652-40e6-ba56-6782753c038e,27,0
99d35acf-3273-4cd3-9334-f45b326a9beb,93,0
99e559af-54fd-440d-b00c-37e6a9266c58,82,0
99e5d794-adc3-4bc4-9413-b20434499164,79,0
99ea476c-7641-4d0f-8ec9-6887e9480f40,45,0
9a288838-ff64-44f1-82dc-59954ad7ca0c,71,0
9a3cdde9-9c61-429a-9087-54a97dd849c3,29,0
9a4b1dae-47e6-43d5-bca9-97fa97bbf90f,49,0
9a93dbf8-2be4-45da-89fa-c60b564e2106,21,0
9aa15776-ebad-4378-b42c-53d8ee7868b3,82,0
9ac96486-90d4-4472-be87-51ba8453f549,95,0
9b179a21-6831-4351-8010-fb06416f254d,46,0
9b228ba0-2645-4556-90c3-252495b90a3d,25,0
9b4ef327-c333-4a7b-8b3f-d60cdc20952c,95,0
9b694ebb-b2f6-422d-be67-fdf1b1f23e4e,34,0
9b73da6e-a5ce-4944-b3c9-4223e9e71f3f,28,0
9b87e838-8320-4445-9b3b-f0897cafed05,51,0
9bab5de7-b8d9-4a27-8b8a-4485babb47cd,83,0
9bd07e46-1695-4473-bdba-bfc5c30efce1,46,0
9c17ee57-33b7-4cf3-9ad0-8662e4012df0,29,0
9c280d3e-a946-425d-866f-3d1235888e01,71,0
9c4cb056-25ac-4e80-bc5c-4e083961cfba,71,0
9c735875-ef8c-4ab4-a8a2-e94bc2ff07e6,88,0
9c851b8d-2fb4-450e-9eac-a5b4645cbcaf,25,0
9c8e80c8-ac53-47ba-8c95-4673460f2099,2,0
9c972255-61b5-4435-bdd9-5c6be19bf4ba,48,0
9cb4e7b1-059b-43a6-8250-c4cd143332cb,4,0
9cc0112c-b0b4-41b1-8995-bea146bcb9ff,78,0
9cf6e567-6639-4d01-8912-85fece0a0e41,71,0
9d0df27a-a4e5-4d14-a981-79b196001cd5,6,0
9d5c7b97-58c5-411f-8dda-136e345c3fa3,55,0
9da8ab75-2b6c-4fd7-9ba7-9cbf7c56c424,47,0
9daaefcd-8740-4698-b280-6d37eb4805f7,86,0
9dcbbb69-191f-4933-9637-25044d3824a8,4,0
9dd09171-404d-44ca-b25f-d224df394976,14,0
9deadd30-bb62-42e5-8bec-b8c13f0989ba,54,0
9e12671c-a692-4472-a2a9-6dd902dc3d24,86,0
9e206283-d70c-4dca-876b-a8adf2f999dc,86,0
9e419e99-764a-472a-a0d8-be3edaa52905,58,0
9e41d658-301a-408c-9b5d-9e0be4b2f791,45,0
9e47cc52-54ec-4bcf-8035-db213d6ae21b,43,0
9e581509-9f33-483c-bb4b-cb404e8ad898,59,0
9e6b204a-18ec-4ee2-a453-7322a65cd4eb,62,0
9e7d95a1-774d-43e9-a890-5d019e40c13a,14,0
9e8a7620-b569-42f7-843c-fa6889c1690b,83,0
9e9179a7-5162-4168-83a3-042f05b2468b,86,0
9e9a6e8a-4a36-4252-b304-35567679dad0,27,0
9ebb2eea-4d5d-4e66-8d87-3c63aff3643c,87,0
9f1f6b92-efab-4a57-8490-7f85858808d6,64,0
9f65f19f-3cfa-4066-a7cc-92247467f019,42,0
9faaf168-9c23-4e59-b943-77517d038762,46,0
9fece061-fdb4-40ee-bb2b-e3c24302cd93,92,0
9ff1919d-cbd9-44dd-b8bc-8c49f40629a4,64,0
a0527fb3-3d15-4f23-80d1-32bd804bedf9,54,0
a0a71ebb-0b9a-476c-88c9-6d195104a1cf,55,0
a0b7c5d0-5e54-4dd6-aa53-e8f78a7ace19,71,0
a0c965c0-f611-4f69-adfe-8c62b6b18792,58,0
a12bbcdc-ea87-4689-9542-84c035e04fbc,79,0
a1981af1-da76-407f-adba-ceefdc869745,59,0
a1b27fe9-ae8d-495f-89ca-6729abee9de6,18,0
a1bb47e9-cf3f-4711-b3a8-67ee424d5708,8,0
a1d153e4-e4db-47e9-bff0-08f68ba06de6,4,0
a1d4bb8b-c5cf-43ee-99b7-b255de69e05c,25,0
a1f6d487-25e5-4ad2-8c1c-01305afe1024,41,0
a2148168-4249-48f7-9f9e-5c100725f68e,79,0
a251e4d5-90b3-457f-9932-a7344877b40e,92,0
a254a59a-3e05-4ee9-a1be-a52b9e36d17c,17,0
a26fbece-ec6c-4db9-98b2-38ef807d01d1,28,0
a2a94bb6-1a0a-4289-8a31-622d42681e68,87,0
a2fec82a-469b-440a-850d-7a636d1c5465,46,0
a34177c2-06cf-4338-89a3-b005bfbc4f72,14,0
a37bd001-2c86-4e77-a148-ddb71ee28f65,44,0
a427bd56-b3ce-4cd7-80b3-c6e9cc663199,58,0
a461a973-11d3-4563-b0ff-e6a305dd7f96,25,0
a4772ddc-7380-4ce8-a604-ccf94fda032b,36,0
a4a3413c-4d63-4b71-ac86-ece83eadd0a2,95,0
a4aeb395-5bba-4aff-909d-129ee7d8144d,35,0
a4ddf1d5-336c-4814-8771-8dfc3da7a114,36,0
a4de42ab-0aad-4842-b0e7-7962b1b3fc91,93,0
a4ea8c75-08ec-4943-af76-224a607b9ff3,41,0
a5765737-28cc-4ae8-971f-63687919acfb,93,0
a583cb3b-6f04-4f38-8918-ff954820cad1,44,0
a5993997-d124-4dfb-aaca-dd835902a3bc,27,0
a5a150db-b561-4d05-be2c-0a6299daef6e,58,0
a5b49621-3a9b-49b6-815d-4331edbe08ee,35,0
a61da2f5-a553-4caa-8871-69a1a0b56590,54,0
a6310d55-a377-47c3-999e-02b9441e26b1,82,0
a65f5bfe-c7b8-4366-bd47-209c123119e4,64,0
a68c8ab9-5008-414d-bc57-1650a665e91b,19,0
a6932a96-d015-4454-a34b-7f3dc884f2ab,29,0
a6d8dd5b-f190-4547-bd05-f0314c9d86b9,89,0
a700ada9-1b0e-48d8-b29b-478461cd6e61,93,0
a702b873-009b-4436-82bd-e889e9597c4f,39,0
a714e00f-9501-4206-9688-3b82fa50d40a,61,0
a7211e2a-2cae-4205-95b0-237526e84aeb,35,0
a728cad0-0e41-485e-90c9-3d4b142e6037,13,0
a7345e15-da68-4b42-8f41-f1a498b31e3e,55,0
a751905f-2424-4155-a6e8-3b5fc213000a,62,0
a75f4b88-4b33-4901-bf37-811c7aa7392c,42,0
a778a21d-d1c0-4cd9-b6dd-5926287b861c,75,0
a782cf0b-45d1-4020-ba6e-4572d57f6224,53,0
a7b36afb-efaa-46e1-91be-dd2bbd58927e,46,0
a7c9187f-8a3f-4e3e-8fce-4c3b05d225f6,38,0
a7f0eb58-e74d-485d-b81c-ce7e3963ca9c,75,0
a7fab575-f143-42bd-9c81-413a36fdb2b5,87,0
a815dce2-2ec5-4746-823d-18090dac0c6a,8,0
a85aced9-99d6-4192-bdbb-5df0c2e7387d,81,0
a86f4773-7320-42c3-b72e-a233f4bd5648,71,0
a93774f9-c485-42fe-aa65-cf4dec6dcfb2,92,0
a965f181-fb76-4284-bbc3-cc42570e4314,88,0
a97496de-0891-438e-b2ca-b9fa2eafda14,51,0
a97d386d-d878-4e05-a665-96e9830f6ecd,12,0
a984a921-763a-438e-895d-f844230c1264,43,0
a9946ecd-49b9-400d-b8c4-e7b8b0716286,64,0
a9d29ef1-3cf8-4b82-87c9-2e00ef27f0fa,64,0
a9d78478-663e-4d5d-924a-2fb049ba519e,75,0
a9f4d0ec-e80d-4fe9-b9a1-095e0cd6f0c5,93,0
aa1fc448-454d-4beb-80d7-c46fdf7b7e1d,7,0
aa291647-2bcc-4701-91a6-fa7acb48ff42,74,0
aa40a96a-3c58-4677-8dc5-5ac11e8a706d,17,0
aa40d692-d978-4f2e-b327-20b5d6faf7e2,17,0
aa7df001-9b22-47b7-97cd-1f6fe9fc3a18,21,0
aabf85a7-bdc3-43f0-babb-565a59892a92,73,0
aac1dbd8-0091-4e40-adba-3d394565f6c1,1,0
aac289d3-5d98-4f75-892c-19224fe86490,41,0
aaca901a-1637-4b55-89f5-fb51b3f3e0fe,95,0
aaddc339-7427-452d-a3c1-2c0f43c55f45,42,0
aafd78fe-26e3-4177-8eab-e315cd0909ae,87,0
ab15b8ef-b7e5-478d-9b02-0d2dbba203d0,46,0
ab6a3844-9dc1-4c4b-a588-e6297dfd93e3,1,0
ab87b1e0-c110-4e81-b3a6-068209985580,48,0
ab8f9110-7c7a-47e0-8891-0d37187dbe8c,71,0
ab930cc2-a6a0-4b5b-8dbe-4f0fd4a9db3e,46,0
abb983af-3027-4e10-abac-5ed5dfa4eebe,86,0
abbbb3cd-1ec8-483d-9de2-e438b3dc7a27,47,0
ac1c4a71-cc4c-46e9-a5fd-cdfb1354976b,4,0
ac3d0774-054e-42b4-bc0d-114e2f998fa2,25,0
ac6343e7-7dd8-40b8-a395-8cfa72330bff,65,0
ac65d431-1e84-4f1b-a123-a08cf0cd5ae3,78,0
ac8bf4f5-8192-4a05-b6ec-f20927858972,64,0
ac9c8859-fa0f-46b3-882d-d53cba7a0e28,7,0
acd443f7-5789-4a74-89e5-85a2907536a8,52,0
acd9e703-66f5-4450-a86f-6d97445b2925,89,0
ad20b542-e2f3-4647-9900-84978cfd2af6,49,0
ad37a3ad-fbe0-4a84-9ead-3f7b4e09ffbd,54,0
ad5478fe-f005-49b3-8902-9cb56263dde8,38,0
ad6b51e6-34d3-4e51-b24b-cd9c38e54e9a,21,0
ad710b22-1ecd-43aa-8196-c33da3eae7c7,21,0
ad91604a-87c6-4014-b008-6262736bb104,65,0
ada98923-c918-4567-922a-aacaa2b00ec2,95,0
adb17f0a-a86b-4882-83a3-76b0cef987f7,27,0
ae21f1ce-b1b8-49ad-8dde-4876680544b5,89,0
ae51434e-f469-40ad-a870-ed53859f7939,56,0
ae59e664-d308-4745-8e23-ce28b5c57185,93,0
ae815b86-1de7-4b6d-942d-dd690964997c,73,0
ae81a3d7-120e-4454-9892-c83869fe4af0,29,0
ae92d5f3-b6b6-4ba2-beb4-34111641514d,81,0
ae9a7935-ab99-444a-9bb8-a1933ac27447,55,0
aeae3f35-19fb-44bf-a379-be89c160dbc2,28,0
aedbb537-f4fb-4f9e-bda7-6ca5b7763fde,66,0
af207469-5a73-40df-bc03-a1611fd9cde7,19,0
af28383f-c245-47ba-bf94-6e3d198ca49e,92,0
af70fe82-3df8-42e3-bb50-663e25dce494,6,0
af71323a-e09b-4847-ae56-cbaba4d7e70a,27,0
af77481e-6b72-48f5-ad90-dcbf42753d63,9,0
afd4faa0-b0cc-4bc0-96b6-c1ce4695c2d9,63,0
afd505bf-e4b3-495b-8747-c415d6430722,69,0
afe29984-3c27-45d8-b47d-38d9bc08da3b,5,0
b003e546-ef1d-4693-9530-2070c4352530,27,0
b0317b2d-fecf-43d5-b1c7-f23c4035fe38,39,0
b0459f60-0549-4abd-90f5-f482655ddb45,42,0
b097f9de-3ada-4b43-8568-506843e32adc,88,0
b0bfe7fd-d528-46c1-9c76-ed01396e9415,59,0
b0e603c0-8808-4a6c-a1c2-ebda44fd8950,66,0
b0e7f0e1-f286-4765-acc1-cd121610ba66,36,0
b1412e14-3a88-425f-be45-e3fd66d6ed0f,46,0
b15baef8-69ba-4d1c-bd02-e9b78682a860,59,0
b16448bb-93f0-4f5b-b61c-05bbd2421188,38,0
b1bf8ece-5db8-4b43-a19c-7785ee18465d,49,0
b1ca908f-4526-48c5-a165-4ccdce1fa199,87,0
b216917e-b807-4a08-916b-f9ec15d9e669,21,0
b21f0d80-e250-40a3-a76b-f7e4b2d754ca,29,0
b2202052-b1cd-4d42-b8df-fdd9f5eeceaf,12,0
b289974f-c1e5-4589-b11a-bbaa5141752a,86,0
b28f3d40-89d6-4d83-afe6-fe8d3244fa4c,5,0
b329f437-357b-4784-b391-a985ab951fa1,64,0
b333e20a-8baf-432f-a2b3-4d59f2a6c29d,33,0
b336c7d6-29d8-4302-9570-1eedf124853e,83,0
b3437641-234a-4f16-baef-edbe5ed5187c,49,0
b396bfb3-b68a-49ac-b5e4-4e2ca09b906e,49,0
b39b3b03-97dd-4740-92fe-d66e2a2a6de5,36,0
b4201a03-d77f-40b1-8ac2-48defb3f277e,89,0
b44688d2-cd6f-4584-b272-050be8e63ce6,81,0
b449d256-7a4d-4db9-bc39-519b5ec5dc10,28,0
b44d6a24-74c0-4a73-9146-f933c5e09bc7,54,0
b492ffd2-c03b-4dd5-bed8-6995a9db651a,2,0
b4d2831a-d480-458c-8e46-206b920e72a6,63,0
b4d9ee31-0f32-421d-88ae-76183b9871ca,82,0
b5215986-a4a9-4e7f-8989-050d6b119c73,72,0
b532b7df-54fc-4cca-a010-c91094864e58,48,0
b5962823-f787-421e-ad34-3aece55e36a7,12,0
b59b0471-a00f-450d-a446-874faa974048,43,0
b59d0973-84db-45c2-b4b9-0804db97554a,95,0
b5a3b3f1-4416-4b17-8c7a-7e782807013a,63,0
b5c5ae33-3cda-4326-915d-95d1a1f7badc,88,0
b5f9014a-543a-49ee-9b2e-2df99941b99a,38,0
b5ffcdca-134c-40df-b39f-91a0ec9d7ba4,28,0
b603e345-0fce-4666-a3e8-d31e9f9c939c,79,0
b60dcd35-a983-4be5-b9b5-e67a4054c8b5,12,0
b614051b-857e-41d1-afd8-6da3998c6e48,69,0
b62ec140-590d-4f5e-afda-0e98618bc014,66,0
b64f8a92-1656-4103-a8dd-0604a8f126db,41,0
b694d0a6-7012-4822-8ce7-80edcecab895,2,0
b6b2ec83-2ec9-49de-8cf4-ca19d733697e,87,0
b6dd8e74-36e6-4e4b-a394-a0b39cee5574,71,0
b6e715a3-3dd7-4d1f-9cff-99069326e13d,62,0
b6f5cb65-ba17-4c5c-82bc-90c4ec82458e,47,0
b7303929-aab9-4e68-a9b4-26302965eba5,47,0
b73fdd66-a089-4041-b4fe-9e719df9dba2,74,0
b7e82c6e-1224-4869-bf73-373053d75989,2,0
b8101a06-cf6c-4c8d-a947-1e61992d125e,46,0
b8521e76-8bcd-4121-a54d-a44ee4ce1020,93,0
b8859ca9-1f77-456a-89dd-5524be9a5fff,12,0
b9310f05-e2c0-4f73-939f-e94f20eeb10b,4,0
b94a04df-496a-497e-a729-a81a1c6c18f0,55,0
b9576e8b-8ddc-446f-a6a4-54da3edb86a1,92,0
b97ee66b-6dec-4cda-a5e9-e6486b3ec876,89,0
b99701d1-1beb-4a47-a621-55c32bc556a7,38,0
b99e5fce-75b2-4d60-bf4f-dfda8fb11ac8,28,0
b9a56428-04b5-4f02-8239-2a23c0d5d2aa,93,0
ba728b11-3658-4e85-a6c2-8f24d026984c,4,0
ba755277-4c92-4b45-bb7d-76321c9d372e,46,0
ba79860d-7d1e-4583-a651-acf10c7f09ba,41,0
ba9cb701-66f6-43bf-a287-747098144d35,18,0
baabb012-6667-4673-8568-a535e13eea51,2,0
bae17740-9a02-4922-9cf3-66525e7ca11e,59,0
bb1a3874-9094-4069-b44f-53016fab1411,45,0
bb2ae8e3-2b93-42d5-9353-fe15f660b8d2,56,0
bb361132-de45-4c2e-b85d-244676e9b561,76,0
bb36b44e-c063-49ef-8169-b2ab5f236fa6,8,0
bb733785-41cd-4e9a-995b-b97c36089db2,44,0
bb7c6233-abb4-49aa-9032-5730d6ab0138,82,0
bb8a00fd-762b-4cc0-bbfd-9ae13e97f282,33,0
bb998935-9546-4c07-808b-bab7d2451882,79,0
bb9cfd24-8773-43ef-acfc-8b89e566fd25,87,0
bba2b160-ad42-4290-a53e-af6d26360f6e,19,0
bbacb256-3da4-4db0-a1b0-97843258bfab,7,0
bbaee169-3ba5-49f7-966a-aec552571264,13,0
bbb4adc6-426a-473f-a052-d1fff72d4c09,46,0
bc075a8e-5e81-42c7-8b91-ef7530aa326c,52,0
bc8bb633-f53a-4f3a-b184-9c7f8a694a32,66,0
bc986b98-a3ab-43f1-befd-af94ab642fd9,48,0
bcbfd85b-b1d9-4f2f-83d0-1ddb65bf4926,5,0
bcf4d4f9-646f-4ec8-82e1-ca31dba18c8d,62,0
bd2fbb4d-d53b-4799-887d-841e360b3e6d,7,0
bd43f359-3641-4ef2-b0a9-98d23ed830ff,83,0
bd7cddfc-3f15-4793-8e6f-44c7923d6e62,64,0
bda24bf6-f8fa-4a49-ae59-5b428c045d2d,64,0
bdc27117-bb2e-40cb-b931-8331ee64ae38,34,0
bdd71b2d-3254-4d4a-9aff-44327ceb6e23,81,0
be0a8ff1-744b-4b30-a62b-fb1ea776e3af,92,0
be2307e7-d4e9-4d35-adf8-d711b925833b,9,0
be2c5505-778a-45bf-ba50-cf773e226b9d,4,0
be37516a-1c01-4777-a8f9-7d0b4ee834ef,53,0
be3f857d-cfa1-48b3-b540-343663babe72,73,0
be49403c-b6e4-4f76-89b2-9fb348a8efb6,56,0
be74ec11-3321-4a29-97ea-03442ccd7c46,89,0
beaeb0f7-dd3b-434f-9c8f-f9ac54abda7f,19,0
bec487f2-f7cb-4ab7-a3c2-a39b0847de26,66,0
bed6dc25-0c69-458c-841a-140df7283318,34,0
bedbbe02-5f0d-4817-99c5-721876ad4ab6,93,0
bedd070b-1dbe-40ec-8c88-da95c8bdea8b,35,0
bee5964b-39a2-4d1d-ad0a-e40251773494,92,0
bef6ac7b-50fe-44b7-8254-f2faa60f9177,7,0
bf177b53-c47f-4f70-9c26-dd811fc238ef,81,0
bf2a05cb-91b7-4854-8979-db3893a84619,12,0
bf88940a-5139-454c-bdea-47e0df4cfd63,51,0
bfb53b28-f593-46c8-afa1-f631d45a8b92,18,0
bfb64bb5-ce13-47f1-bfa0-a83c85096284,1,0
bfd79340-4c21-4157-b006-0f7b9c804da2,56,0
bfe527d6-7156-4cc5-8045-6fb5c9e33ed7,71,0
bffebfd4-4726-44c3-ab3f-821268fcc4c3,64,0
c01b0d4e-710d-4c53-98ad-714b65bf46d0,1,0
c01e5b05-4d22-4997-a44b-d337cac4512e,92,0
c04e831c-4ac1-4ba2-9c3a-f671cec67526,83,0
c0581a7d-10a3-4afb-84ba-67d82c480e60,72,0
c0871856-3037-42f6-85f5-80744829aee7,29,0
c094a2db-3b59-46d9-8543-17e4908202b4,59,0
c0a2fde6-a09c-4f88-b2a1-da63ac7a00db,18,0
c0b06f97-56b3-4b4c-bd3d-29c65d5b7405,5,0
c0bb9036-6688-4e37-9aef-0018b55e298e,9,0
c0c7838e-103d-467b-86e9-0ebc561487d4,76,0
c0d0b735-50b8-4b60-99a5-251c29edee4b,7,0
c0d6bc4c-c4a4-40f5-af28-b0b261a6a004,18,0
c0e4bd4f-fb85-4d3c-acef-7b87544af9ea,5,0
c10e2d87-cc2f-40d5-9697-e854089959a4,54,0
c13a7659-c3cd-4557-8099-c994bc7d319b,47,0
c1625561-be92-4f17-8275-493dd610e890,93,0
c1b980de-1817-409e-a5e2-439748a957d4,54,0
c1d29417-f776-47f5-9ff1-0d5ca2f9065b,89,0
c1e05bf4-73a3-45ce-8399-cfcf069b44b6,39,0
c1ef576e-08a8-4c46-a0cd-e1ded360a371,62,0
c21017d5-a537-47ab-a73d-bfad23d1f983,27,0
c236ae98-5815-4e7a-bc9a-72d5cfaa6767,87,0
c2405007-18fd-4440-be76-ee10ae758b89,5,0
c2427ba4-4772-4971-9b09-942c85dc1859,55,0
c26f09ad-0ba3-4e45-9d25-6f9d54b7ac35,49,0
c32ea39b-9d1d-48a7-b1fa-e8eac4161543,51,0
c38a3a82-a180-4bc2-beda-19e051c77bd9,38,0
c3a864c8-4123-4f0d-be98-6b8e7a009090,7,0
c3b23cad-7eea-48ed-8d27-5bd73722ca16,6,0
c3d5503e-e87c-4126-b6be-877a2be7afaf,66,0
c4044ea5-4f04-4a72-8e82-ec2e4177ff4a,87,0
c40d7961-5742-4fc4-85b6-4fc125a382fd,55,0
c43aad03-80de-4068-8cb3-88a45d223162,54,0
c4453591-a126-4903-aa3f-cab4f3f26de0,7,0
c44551ca-751f-405d-ab8b-df00755e7c3e,86,0
c45f2a16-07ec-49ed-9abc-61c022cd8763,65,0
c489f5c6-fcd4-43e6-9c61-3a743f8eadaa,69,0
c51b259b-49b5-4d45-8239-27ce74d54a72,5,0
c5357667-b6ee-4b70-b493-12cf151b9111,75,0
c53f519d-d355-4aad-9fb2-4d67a47f2d8a,92,0
c54bfa50-0a7a-4247-accf-193e4d0e04fc,55,0
c5506616-1bf5-4889-8978-46ef076fc6f4,66,0
c55dc0cb-e428-48a8-a6a9-b85a426c7a4e,37,0
c57c6bee-5f0f-4e0d-989c-ea101bf4343a,81,0
c59e57b1-026a-47e3-8873-06dfc22f4076,52,0
c66066e7-add0-470f-822f-0b4b89604553,75,0
c67d6573-2444-4450-8292-8e2acfbe1f3f,62,0
c6814d76-8d35-4acf-b37c-cf6924b0fd4b,63,0
c683ef27-420d-4e45-8df7-dc4b1786dad4,48,0
c69a64f3-879f-40bb-9cf7-6f6cedaf9c39,81,0
c69cfab2-ba1c-47e7-84c2-f83071cfb03f,2,0
c6a0b1f4-0cb9-4277-93b0-917575b4d36b,25,0
c70cecb5-7b0b-4d0f-a8db-3c11d0f5b3de,69,0
c72dd8c1-1111-46de-a9e3-7478f1dc3bf8,93,0
c7363722-cd77-4a1f-a2e4-357a806bcf58,82,0
c74ca445-2724-413f-966f-c26bb9224bb4,7,0
c796a70e-388d-456d-8694-fc0072f5c47e,9,0
c7cc458d-b840-4f2f-b162-18c11b81bff9,95,0
c7fbf309-68c1-4487-b160-5ad3143bb9eb,87,0
c8541da6-33eb-4d04-88fd-d4ba2d8cd128,75,0
c8c27340-f341-4412-a0d0-22655a66c2dc,19,0
c8c31be5-5da1-4723-b1cb-7234c9e85b15,38,0
c8da1298-133c-4381-bc35-0c1babf53b5d,92,0
c8e412a2-aecf-4f73-a7b3-cb4e0895dcda,45,0
c8e455ad-554b-4d64-a9b2-ea31d9d4d1b9,2,0
c91ff435-eaa9-4325-9163-2316c5aa2f65,58,0
c9210978-0556-4d39-ad26-5c1ba89eb321,92,0
c948543a-ea92-42a7-a14c-90f7553bfa0e,82,0
c9677353-12dd-4b37-a978-1b46087c3db9,41,0
c977aa91-281f-47af-aa73-404e3a91f4a5,61,0
c9b859a9-b1ab-484f-96fd-7bf18d76d193,59,0
c9c2ea5d-caae-48c6-b43e-6e22262c598d,62,0
c9e9e1cf-905b-4a30-a72b-1b3de26edbdb,36,0
ca32e436-1b0e-445f-a80d-0ebea48b6039,64,0
caa7da6a-20d9-4fa3-9365-6ed3cb9d4b3a,59,0
cac06b5e-064b-49e3-bc5e-c44300e9f27a,1,0
cae58936-6cb0-4d43-9c36-4b53b17d1b1f,75,0
cb1efa63-faac-4f78-b6e0-bbe5286fdce3,36,0
cb8124a0-5cd5-4089-961a-7df72d660075,63,0
cb8f34fc-62be-4789-9086-399399aeedd5,83,0
cb92213a-6a0f-4afe-94c9-48916f410008,7,0
cb956541-f130-477f-9444-4240d6fb8ce6,54,0
cb998508-8504-4691-a33d-a7ad09246d6d,7,0
cba4d36c-eb53-4f8f-9f16-9ad52c8a83f3,87,0
cba67d95-ce80-495d-8293-1d8989102060,51,0
cbb974f5-eb96-45c1-85b4-37d11ace57b8,29,0
cbd95991-1ce8-4376-9b07-45f0d593e971,6,0
cbf2b92d-d835-48a8-83f0-5b9e9f43518a,33,0
cbfd1f41-76a9-4368-8502-260343c292d6,48,0
cc003740-b270-4d96-b982-3ca067960b83,14,0
cc153722-e223-4b4d-ae73-48cbdd0cc9cc,82,0
cc37c923-4d87-45e1-a7a4-76ab16359087,51,0
cc62ca42-d593-4d22-ac94-d40777cba84a,89,0
cc7a15b9-bcc3-4d4e-abd5-2fc505da9b66,12,0
cc89ec02-c61a-4dec-8427-fb0546cb7398,71,0
cc8d6ad4-54d3-49bd-83e3-90497acce6ba,25,0
cce924bd-d49e-44a0-82cb-1faa9801037c,39,0
cced13ef-37e0-400e-8b46-ceec1438f2ca,36,0
ccf7bf29-65ea-4ad9-938e-4d2e13738562,71,0
cd45db1f-1ae4-4dc7-8551-b41fc73dd3a9,75,0
cd96fc83-7541-486a-84c6-8ab532ac5ff5,25,0
cdb1390d-b9ec-4759-9418-6a0ba89a64b9,63,0
cdf4be93-555c-49e6-ba09-b20dc43c69f8,74,0
ce6886c8-35ae-46aa-a81b-2dcc9099da1f,39,0
ce7669d0-6743-4d77-9af4-4ffef234dee4,65,0
ce9f82c5-64d9-4bef-afde-ea2536da68a4,18,0
ceb8639c-1024-4048-b625-fe678996572e,5,0
ced76df3-ae74-404c-ab36-2d0299f3d705,29,0
cf3fc371-dd8b-44a2-a3fe-0cee7623fcbe,6,0
cf6173fe-4496-471c-8df2-48b8cac081bf,7,0
cf7a1611-0734-46bb-bba3-38b2ffa391e0,21,0
cf9c2db6-7e31-46a1-9475-02c4a347f202,28,0
cfbe92eb-093c-4186-a014-143950c5ce74,92,0
cfc13f35-d415-41d0-b212-42cdb0f0b9ea,38,0
cfc848c2-721f-42f0-8557-4761d98f2ce5,5,0
cfecfc40-d759-4fbd-84b1-93347702a5bd,86,0
cffab6d6-5514-4acb-980e-59c1f782583a,54,0
d000b688-fa19-4db3-ac79-74b4a762447a,69,0
d051bd9f-f51e-4d66-b0ce-a0600cf71aab,29,0
d065e113-11b8-482a-8cd6-4cb70e9a6e9e,1,0
d067a810-3b0b-4114-8425-f3d407f757aa,29,0
d08d0cea-0cbf-4d1f-b082-cf6fcc5ea8c4,55,0
d096964a-7134-458c-88cf-f62db54252ae,51,0
d0ba61b2-e164-447d-ac2b-17b0d2234e99,21,0
d0c6046b-1c87-448f-a7d8-a987c83669dc,95,0
d0ca6ff0-fbd0-493f-9ff4-d05281aff78f,5,0
d137787f-80a9-45e5-979e-e8ebb454c191,49,0
d160532b-7843-46a4-83a9-904a5480c36b,36,0
d171b575-ab27-486d-a0a3-6d93ba7864ac,4,0
d17f1920-48a3-4dff-a004-4b07e3bd22d3,87,0
d1ea028a-a06c-4bdf-a5bb-f4b116e36534,4,0
d22a75b4-9024-4db9-a015-8070ef0690ea,89,0
d23a7c5b-7e40-4ab3-a72a-7caf9904ffe0,45,0
d2405dfa-56c0-4ee6-ad25-5d5d98c6b352,59,0
d2defab0-5263-48fd-a957-b8a2367974a0,43,0
d2ea34f8-a28c-4763-ac36-bf20bc9486d6,7,0
d325c4de-2738-444a-bbaa-d0cbcf672039,92,0
d33bd8e8-a44b-42e1-b4eb-3a86332f6338,95,0
d33c5ab4-5394-4691-81d9-09bf83136498,39,0
d33d633b-6f68-4bf2-9a8e-ef6b9fceea71,55,0
d34a374b-7ecc-4329-8dae-4e263cf89a0b,79,0
d366c2b1-4b56-4407-984a-46a89a1f6509,66,0
d3dcac32-c7a9-4e55-8c86-e62b07c65cf3,44,0
d42a9914-40e4-4317-8425-1d3a1ad4a0cf,81,0
d431f7fd-6134-45c8-ab62-2bdb7073b49c,35,0
d4675ca7-e07a-4273-81fb-8ac42642f7a1,37,0
d479f47e-9073-420e-92d6-702eb0a4d783,45,0
d49040d7-f62d-49f7-a2a7-56d7c9e6e0e7,1,0
d4ac1cde-f71c-437b-9c8e-48187d131a2a,75,0
d4d1b2ac-d561-4d9a-bcd2-600689c82fb3,86,0
d50c0c73-f97c-4413-a442-94450932db14,51,0
d579bcff-1157-4ac0-950a-626bae4c4b09,89,0
d596a876-e282-4831-aa6b-bffef77b842f,5,0
d5a7ccff-1231-4a82-aa36-fb72f0194be6,19,0
d5aa534d-ac98-4a9d-9b08-f801416894cb,83,0
d629c05d-7ec2-46c7-b0e2-28918997a6b0,8,0
d6488050-3ec3-4370-bffd-c44e444155ab,92,0
d64ccdbe-f1d0-4b65-adfe-8e3a0c79fc80,82,0
d6587c6d-9858-4c28-a9e2-467b3964363c,2,0
d666ae72-50a8-48c1-a785-131aca0ac582,92,0
d67009c3-007d-4ef3-831c-be6e2a8db536,89,0
d68601f2-9809-45ad-8df0-9d5255dd04f3,83,0
d698ba78-f344-4a10-9aaf-a60507c0c004,12,0
d6d897e0-4701-479b-9669-3b7a3e60f86f,48,0
d6f47318-2a43-4a9c-97c7-ad6a01b250d4,19,0
d77d1f2d-20c2-4a27-8b46-0dab990d8bb3,48,0
d78672fb-248e-457f-954e-e40708f6a77b,71,0
d7898be0-5376-4226-9dd3-48ff7cb2f63d,8,0
d7b21c91-07ae-4e54-bacd-d4ca82671078,63,0
d7b8600e-e232-425f-ae06-c89506f48d30,93,0
d7bb9a23-681b-48c8-ab49-03b26f228ee8,89,0
d7c65382-5af9-4265-a4e7-cdcb86b5484b,51,0
d7caff8f-3e52-4fd8-bc80-437d5aaccccc,66,0
d7d693dc-7221-4218-a00d-b6b5ab65f6e4,41,0
d7f591e3-e70d-41d1-a3b8-9e80f3590491,48,0
d806137c-d81b-4e59-aa89-65d32af2d15f,86,0
d84818c8-68ee-448d-8909-0edbc7a65bdb,69,0
d84adfc9-e624-416c-b82f-930fc0659269,75,0
d8800ad8-7223-4b2d-b7fe-c613af324c43,89,0
d882d4fe-9133-4a7f-8d46-aeef89dfc55e,88,0
d8a10a07-6068-462c-bfc2-19ee45a7f7a5,72,0
d8c271fd-b54b-47e4-a4f3-4a65aec7cd5c,7,0
d8cdae34-fa8a-4c25-9131-3334858ca697,12,0
d8f24634-866c-4321-a6b4-763f5faf3601,4,0
d8f26fff-5722-479a-bdcc-7a7d2e1778da,82,0
d8f57b3a-aa37-40a3-b9ef-0fa15491f5e9,42,0
d902658c-6a52-46cb-a867-09395f34df99,61,0
d9111dca-ff8d-480f-a324-bdf341113e5a,56,0
d926c42c-da52-431a-9863-386f34182c3e,35,0
d96c5962-e8a6-4e3d-9e15-9578188d4ea1,79,0
d987adf1-445c-44d5-b28a-89099aab519d,53,0
d9a5c6e1-b18c-477f-8115-6ff36e9a3571,66,0
d9dcb299-0716-4ade-a5af-2f0b8ee32621,37,0
d9ee6b79-8d82-470d-b967-ad4a354aa1fb,56,0
da058afa-f809-48b1-b475-1a1ac688376d,71,0
da0c6b26-c54b-4fde-a76c-26d7634d9d2a,58,0
da192144-41d2-4773-a8f8-07d6dad0d2ff,51,0
da25f594-8f74-499b-905f-2968c654b794,87,0
da33a155-988d-4ebf-b419-c5b2f0fe8e2d,14,0
da374531-31d2-4c31-b836-f3be6351eb30,9,0
da37c025-c733-4cb5-9f07-0320f5bf34b2,82,0
da3fa685-0634-4775-9395-ab46fa121394,65,0
da54fd50-5c90-48c6-8ba3-656b29c8fdf8,4,0
da790843-4dfc-413d-b4d9-4dbd6c9b012d,54,0
dacb833d-447c-4212-b4d8-62fed0739da8,36,0
db55e0b9-8670-4967-a59b-9a33aed69ae5,7,0
db6a179b-2578-4e6c-af89-c20a0b02fd11,64,0
dbd5722c-d773-40a8-b605-50b94292fc7b,48,0
dbdbff63-737b-4e9b-b680-f68764219431,95,0
dbf81204-9206-4349-bb60-0382318d4671,12,0
dbf912b3-2f8a-484b-b0ec-bb7f6ce05e1b,14,0
dc29cb50-9cba-4dad-bd39-534f7cb41498,44,0
dc33006b-524e-4125-9c07-e827c388450c,49,0
dc591bba-72fc-4d58-80a6-a222e717e660,88,0
dcc85219-f9d8-4410-95df-02b44ee2b0bf,56,0
dcc922b5-8e52-4ca3-9a73-bba2ea7b61d6,39,0
dcd3f689-fa52-4bf9-a6da-efb34924686f,34,0
dcd7a55a-a484-4bf2-b4be-5d13455316af,53,0
dd047264-107e-465b-8ca8-eeef9566533a,5,0
dd13a1a0-2916-4cfd-afdc-fae9cea71981,65,0
dd5698de-1926-4571-b00d-3dcb145badd7,37,0
dd62705e-e84d-47bc-b87f-83b2e90018ba,14,0
dd630be1-2616-4f34-8f6a-dbeef3756dd9,48,0
ddc8521d-b17d-44dc-a957-956e23ed0156,52,0
ddf79fda-377d-4169-ba4e-d1be897bed63,7,0
ddfc6dd0-aa87-4594-b3e6-b65826d06375,4,0
de0dc5de-cde4-49e9-8317-680994c1f4b0,36,0
de3af840-a562-4b6d-a7a1-5fec730a57e5,1,0
de455555-f1a2-4698-a8d5-0897e02eab45,66,0
de4c347f-7fda-414f-a917-a59996afe69d,39,0
de507b9b-dc51-48ee-a680-bb95493a0233,87,0
de93228e-ea31-4c06-8dca-59988033f280,36,0
df4429cb-334e-4aab-a3a6-fdcee850d9f0,73,0
df51026b-7b6d-48e9-8017-5f0185eb4a87,1,0
df735a54-5967-4050-8f74-8b9b2fe4fcad,93,0
dfaabf5a-6e22-4af4-b3d6-7b53816dbd60,82,0
dfbddf5f-d038-4891-a87f-d00f96108dea,7,0
dfd54ec2-a42c-4de5-9e6c-3ba90daa4301,69,0
e0043bb3-b2de-40e6-a089-4637b9f67e71,53,0
e0066521-99b4-4d83-99fc-92cc87f14224,58,0
e0349c49-b52a-44b1-af30-2fd4bdc89c1b,38,0
e03edd02-30c6-4864-98d2-231be9bbff83,55,0
e04984ae-1cbe-44ac-acbf-da0a9ae13cdd,55,0
e04fe0e1-d603-4f8e-a30c-1e0389ca99b9,36,0
e05aacbf-2bba-408f-a152-067d34ec06a9,61,0
e05e0bc5-1d26-4298-9de6-b35480e35c24,95,0
e08cf7b9-577b-40bd-9827-e79c010d5834,44,0
e093ba9b-be3b-4064-97b2-b741fed4999d,77,0
e0cbcaa7-dd90-43c8-b85a-448bdd6c842c,53,0
e0f1c9b6-3f08-4819-bf3b-214c6d474ba4,65,0
e0ffcfc3-dd36-4f66-86d1-bc72865f79e4,53,0
e1382e6e-1144-463d-b2d4-15b3468c4673,43,0
e1641dd9-ed49-4833-9d80-7d870fc1bb52,75,0
e174789a-a0b0-4b07-8bd5-8f51139ca9e9,53,0
e1ab090b-6d4f-4c0a-a44d-2336eabb027d,7,0
e1e68b1e-00f7-4b0b-888b-3b028353ed37,13,0
e1e94519-7b32-4df9-8d7c-a46f3a2a7907,8,0
e1ebf14a-7485-4787-8c6b-b79e0c085ec8,6,0
e1f67435-f54d-4658-a2d9-ab22858f4d50,95,0
e2107489-07aa-4490-8615-1d8249383bbd,14,0
e24f8007-5fe2-4d43-910f-324732da0f6d,71,0
e296843c-db31-40bd-a056-c29ea30b8a17,4,0
e2c6098c-8dcc-4145-8a77-e8e880605296,1,0
e2db7077-eb06-4fc6-9167-379c005d5ef5,61,0
e2f0cf9e-84d1-4a87-9924-bf99c68c1c50,38,0
e2f6d0ff-ada9-4873-9078-bda9fa9d9a6c,56,0
e3141c44-cb18-45ec-95f0-93faa067fef1,5,0
e314993e-3093-41b2-893d-e1c50c01aef4,21,0
e35a3a66-c17c-481a-8450-673d61ae9548,54,0
e3aeb666-8f71-47e0-84f0-b7e5e255e8ad,93,0
e3d0bee2-e5d3-4d8e-aff5-239af7f50166,63,0
e3ee5670-842f-4262-bb22-610ec821dafa,89,0
e3faa239-d46b-420d-a70a-740fbe8075a3,65,0
e44721c2-c882-4859-834c-175221cd9112,8,0
e44f1d0f-bb31-482a-9f3f-52cc7ac19d5b,4,0
e44fa790-d2b6-40e8-8718-7f54e001232f,38,0
e4769d8d-1def-4b27-907d-3cdb2aa61f26,38,0
e47fa9be-7004-4ca9-87f9-1e4fbc7e422a,37,0
e481e5e8-57b3-491a-b5c6-6197ac3b3323,87,0
e49eb2d6-9936-4356-8150-61442f2d5e51,18,0
e4a290b3-0aa7-4bf9-abec-96995375e454,78,0
e4a8f615-5989-4375-bd80-860ca49b511a,87,0
e4e64bf6-566c-41b0-9bff-c43bef06fa38,39,0
e51dcc5e-b554-4d02-9604-c4be2fd41372,38,0
e534d067-3f01-4029-8b76-fae0391ed1a7,9,0
e543a307-b325-4ddf-9791-df52ea7f7e47,25,0
e55542d3-bf8c-4fc3-9dfe-326c6dc084ee,89,0
e555d436-8e4d-45a9-a41b-dd1e1b3e1df3,12,0
e557d117-3325-4c60-9e14-5b712c16e292,52,0
e587e138-4237-4012-86af-6f4b125e8dc6,55,0
e591c9a0-38f1-4fdc-9546-4b6cc1298230,39,0
e597d26d-f0a2-4511-9c15-7a82bbd26b3a,4,0
e5bf430a-4ba7-4a67-9bf2-ec51ab6ff522,5,0
e5c37343-5f43-4104-846a-549618b492e0,92,0
e5d9ad87-de4c-411a-96d5-1f2eed65bc2e,9,0
e5e5bed9-7a51-4d6a-85de-df238653b73a,34,0
e5f9eb5b-0a8e-45a0-9827-d00288e683b2,45,0
e63c7fd9-1874-467a-8ceb-da78c796033d,61,0
e666a3ee-148a-4c93-8044-31db3ea4bf41,34,0
e666c52e-4275-4298-9104-aeec4a7dff6a,95,0
e676b268-8a13-4ab4-b07e-9c3d2399a45b,59,0
e688cc96-086a-44c6-abf3-e230fff6b416,45,0
e69b5f6c-d5d6-4bdb-a9a2-6889de49ac3d,12,0
e6bb7187-d12b-4ef5-a5d2-832029b859d9,21,0
e6c329cc-21ac-435f-945a-92fcedbcf2ac,89,0
e6ec21d7-0d8c-4d95-9b6e-bc65a1f528cf,77,0
e6f423ad-eadc-4812-8e4e-41f1cd10bba8,93,0
e71fb654-ae17-4f70-b8cd-913910eb4a17,65,0
e760f5e0-3fec-4e4a-96ab-210785af634c,73,0
e76fd7a6-5aa0-41df-9ea5-427ae7230635,18,0
e789acc3-a5f4-4fe0-9164-bde894b4872e,82,0
e7ac24e3-7562-42f5-a99a-1f82c3153286,81,0
e7b33e87-166f-447c-bf52-dbcdcaa4a157,66,0
e7b809d6-5a54-4b34-9c91-3f783ca52f47,27,0
e7c8ea69-94d3-4c8b-b9ed-aba09002380d,39,0
e7ced03d-80be-4a79-be03-55e3fb494c17,19,0
e826e45c-37b7-47f0-b8ec-fd4281f0334d,95,0
e8355ba1-b51d-40b4-afe4-6ca80ede9002,6,0
e8392d68-bddb-49a3-a351-6ec3160e44ab,89,0
e8496a04-09cf-4d41-b3c9-a7a2019c5c5f,56,0
e8830578-c49b-43a7-953b-c1d6c448a56e,45,0
e887cade-5936-475b-b87a-3b64e9df2d2e,49,0
e89dc581-9d90-4079-bb96-d3a0d52055f1,58,0
e8b21fe0-8c39-42d2-9d55-1b95a5d461d9,7,0
e8ccbf6a-31bb-4310-8494-ebc5ef573e7e,51,0
e8f0e41e-cdb8-4919-b51c-e32ef432a089,51,0
e8f40e3e-a041-496b-9925-4afc4397e3a7,82,0
e93f2abd-817b-42c0-bbf3-375edde43829,88,0
e941c407-e968-45fb-8b8b-db97cfe0f588,6,0
e948ca2b-a843-414f-9229-cf159fecaf55,64,0
e9588117-f119-4f98-8ce9-78130ff65d5a,34,0
e972a6e9-0fe9-460a-9ee7-15fce8b15cf7,34,0
e9cb25b3-51dd-442a-ab14-0859eb1113d6,2,0
e9d74bcc-6663-4625-a6de-1991336d2bfd,71,0
e9fb59a7-ce39-4e8c-9bd8-a7523dd2c0eb,65,0
e9fdcdcf-c605-496b-ad01-daa7c8cb1b2a,9,0
ea176bc9-50b7-4c4e-81c9-62b638187cfe,38,0
ea678360-57fb-4577-a7f8-08853a39331e,12,0
ead38f30-26ad-4a3e-86d4-fe2991d702ae,21,0
eb165008-539f-481e-ad28-f89d240f971a,53,0
eb80353c-991c-4aac-bfb0-460b85a73a44,38,0
ebf3aa35-51ad-48aa-971b-f282f07e216b,93,0
ebf98875-704f-41cb-84e7-c9f54b50f922,7,0
ebfbc3ce-49e2-4e6c-a8b1-729437b59755,14,0
ec0b0773-62ab-49f3-ab29-8c78b8f2723d,2,0
ec10e76a-1337-456b-b05f-b6878674b7e7,86,0
ec1c9b6d-2f18-4b33-be5a-78779580172f,9,0
ec21bf6c-cb4f-408b-a6f4-0e5ccf318d70,45,0
ec440b07-7d0c-4eac-ad35-b62487a1299e,78,0
eccbe00b-4fe2-4d7b-a9ee-722b86226f79,17,0
ecf9b2f6-0890-4971-8e64-d06c1b231f36,8,0
ed53dd0d-d519-4154-831f-7669c22a0aae,55,0
ed808338-42db-4bf4-a188-5cbbb40da374,34,0
ee203f87-7337-465a-9557-4b5f3d9d9cd6,18,0
ee3d53a0-6c22-4d50-9044-1ac0214ecc62,62,0
ee74ef64-a8d8-471b-bdda-c1145380a2fd,95,0
eeae19fb-acc8-41a6-9cc4-52d3d5864339,87,0
eeb763e3-f716-43ea-adf7-6fec8c6a9a90,66,0
eec7fef0-a468-414e-aedd-f760dbce350a,2,0
eeef6929-763d-43b5-9c7c-7a257e5fc4a9,55,0
ef0d0a3a-be7b-47a0-82f8-a412ad9a3310,46,0
ef2349d0-ddd9-42b0-922f-382c821c48e1,88,0
ef2a803e-9992-4ca1-86bc-17aa798dedc7,18,0
ef2bbb36-796e-46e5-8247-13707af7dbee,51,0
ef6d908b-5170-4a84-a1b7-bacae6969ea8,35,0
ef99666c-d5e5-40da-a9c1-41072c611a08,38,0
ef9b3db3-1f57-417f-bd70-01155ef7e865,63,0
efc8c2df-85f0-4e8e-9058-4f51a837da76,62,0
effcf275-d396-4dec-9261-971566b0abb2,14,0
f06a43b2-a99a-4690-a376-6421b893417a,92,0
f0959b1d-268d-4943-a575-65b59d994608,77,0
f0b7ed8f-2706-4f9c-96d3-83da213229a3,82,0
f0ca2504-c72e-4a74-b1dd-7204bca04e7d,29,0
f0d5e63c-0e58-4bb7-a7d4-9f50084437d1,29,0
f0eb2736-e32e-4614-b992-50db3740ca2b,56,0
f0f95f1d-f4ff-429a-8bb0-7cb05e6be5a0,53,0
f0fdfec7-5ee8-41eb-b4ea-c29cfc12866c,55,0
f10e1d7a-918f-4b50-ac29-a66ca306037c,79,0
f112464f-60e2-4c16-9822-3aad45d290fa,45,0
f114ef2f-389f-44b3-b6a5-06120105dfca,56,0
f119a365-0d5e-4fa8-a5a7-2fef119335f4,13,0
f14d52c9-4eb0-4d01-8fd8-d0b4bee2a8ed,55,0
f15b0122-208d-4181-9c06-09a147050f7f,27,0
f1aada02-ca1c-49b2-b655-f5f99948b7a7,81,0
f1b43ffa-ade4-4414-9862-6384a707aceb,58,0
f1b48809-045b-4cc2-afb5-82e664b51f14,88,0
f1e8ff9b-d41c-46c9-9907-4335e04ceb00,61,0
f1e991f0-8925-43e1-9f90-59ef24cfa2b7,62,0
f25d1cfe-5d8f-4a4d-a0fd-307e0b698f81,61,0
f2768428-2ef0-466a-a218-d07d2cb58bae,25,0
f27ae71a-a04c-4b6a-9e5a-15b68138ca02,89,0
f29414d5-f507-4518-aa52-0a1a960e7212,39,0
f299221e-faf9-4ed7-99a8-7203386b0d7f,19,0
f2a0b318-9e5f-4be9-8424-b7bad41a6580,71,0
f2b5af2d-1988-44f3-8c77-07d971ebab33,83,0
f2c43986-5ce3-4633-9b23-7c084eadae34,4,0
f2d77fe7-b20c-4cc1-931a-2c8b1a5ccbd5,34,0
f30b62a5-134d-4753-8681-3f0e37e23df5,74,0
f3321b01-0722-42b1-b63a-8fe27dde4149,4,0
f35219be-9d8d-4a73-8de8-e5643b083b65,77,0
f38b1a06-5bf5-4009-b616-a67b039cbc62,39,0
f3e5925a-917a-4612-bf16-5fa65785ec69,14,0
f3f108ae-71c3-4808-9333-04ad9cdf0de0,43,0
f3f3fe9d-c14b-4cda-9fd9-5a64f15aa556,35,0
f41d488a-bcac-4c63-8d4c-c282d5b125e2,52,0
f44e3241-6a17-4f60-a122-4726ba691fbf,54,0
f4789e5b-e252-4fb3-8718-a053ced0407f,75,0
f511958f-f9d8-4e36-a357-f4d04a4bbe67,2,0
f52341cc-9413-456e-b930-188ca998f821,18,0
f58e3475-301e-49cb-8523-d84d48a2285d,35,0
f596e3bf-4aa3-4e61-bd7e-dbf4f262a1d5,95,0
f604ebcd-79bf-463f-96b9-20e91d8c4f24,4,0
f6ac9cdc-6c6b-4b74-abc0-920e71e19a8e,65,0
f6cb8f7a-c439-4f17-b3af-7f239ef7f553,2,0
f6ff400d-f21d-417b-a26d-a928f6df76d0,1,0
f7134441-a0dc-4966-aa1c-e94ee23955d9,63,0
f73b381a-3372-470d-8321-886d99584705,62,0
f784e10c-ba9f-4c85-a5e5-9c1b3da744cc,33,0
f7d34b0e-e1fb-4540-a501-64ca7dbabd16,47,0
f834b2b3-ae87-45c3-9e3a-276758e00069,9,0
f834e92a-9312-42dd-81e0-136e0f4a6e2c,58,0
f8508f44-7d82-4b88-944b-ef1da0a5cd8d,55,0
f85b9370-0011-499a-9a39-41800f354c82,27,0
f8b45554-539f-4018-96a5-233749c32d91,76,0
f8cf7d7f-3cf0-4a47-86b9-67495ff7e058,86,0
f900f477-45e0-4565-baf3-418343d1f03e,7,0
f924c248-d930-4b38-a033-3f55a889bb24,89,0
f93eac55-0a22-4ea3-b4b4-f0382015283b,33,0
f9d9d99d-d927-46f4-ac25-19c287174ef3,76,0
fa112012-d839-4807-af60-c8e9b7c7767d,71,0
fa3fa7d7-a5a1-4c51-bacb-5778c72930aa,6,0
fa555ddc-4e52-4ecc-96c5-0b9b7f7e3088,6,0
fa5c3dac-27d0-44df-87b2-3d809a4dd912,59,0
fa6d0d7b-0281-47e6-870d-2039b7d8fd97,48,0
fa7d8806-4de5-4647-99df-e4030d09ed44,41,0
fa832a2b-662f-4f13-b22e-d295c422739c,71,0
fa85efa6-56f7-41e8-8bd1-7a4e962ec09f,39,0
fa95753c-7fcc-4bcf-8c6d-528290acc0aa,8,0
faa6c989-cf27-4cd8-89ec-3e6b573fb5bf,6,0
fad192a3-af3b-4dd6-a4f6-ac1bc31ba6d8,64,0
fb098eb7-6572-4e6e-af0f-e3950fd6bf14,9,0
fb265539-05e1-47ef-9854-521b6d2b1705,46,0
fb931b71-558f-4b07-9a0f-ef4ca9dedff6,2,0
fbdd9342-4924-4a37-ad30-dba74fc897e6,29,0
fbf0f1b7-b2ea-47c1-974a-2a877e358e22,51,0
fc4dbd94-2ee5-47bd-85a5-ad71f30fff1c,4,0
fc5a8fad-3783-40b0-bfef-82db11e402c7,76,0
fc84d579-39c1-490b-bd34-e9b8e7282e42,29,0
fc893b77-3391-4671-a4dc-84fa9129d930,51,0
fc8e79a6-ded6-4df1-8acd-2aef4e2dedf6,87,0
fc9c5733-de87-4964-9c62-38ca2947b8fb,74,0
fceadfc2-5f95-416d-99b9-4775873eb54b,65,0
fd097cc0-be25-4844-bb34-b199e1b9bf27,46,0
fd6ffe7f-53f1-4a4f-aff5-87cb4eddd1fc,55,0
fd7035d8-20bb-4583-acd2-c1181c0d9b5c,52,0
fd742b9b-87c7-4b43-84cd-520e7e2ca6ba,59,0
fd885ca1-ce1a-4406-84df-9bd98ba82beb,47,0
fda3fb4c-fda7-4d4c-8c42-8bf8a0deb8e6,8,0
fdaf3fc4-9489-4328-8843-712cbba84a29,92,0
fe4b2927-f18a-43ed-b08d-bfbba8d4addf,8,0
fe61e28c-ed1f-4a71-880e-163a766f8329,12,0
fe813617-e631-4df4-9378-e81494350c64,71,0
fea5fc5d-ab60-436e-b1e6-f2fa659e79c5,25,0
fed17ecc-0f0c-4764-85a1-0ef9d55cc224,62,0
fed7900e-68bd-496c-bc02-8f349664ec9a,92,0
fede46c5-0676-4c0b-9d33-afdb9ff79a5c,51,0
ff139aaa-d1e8-404e-8426-513dd2dfd6ec,7,0
ff435bf7-4a5a-44b4-bdc5-9bf3de7fd405,2,0
ff548709-b269-498b-a453-041adf3b6d22,7,0
ff59fd15-8856-4b07-b1b6-59db965436fe,92,0
ff616e19-c753-485f-860e-e0b4e862e084,37,0
ffaa2c84-8365-4966-9f9d-48ca05590300,66,0
